Traffic_Volume,ERAB_Drop_Rate,RRC_Users,DL_PRB_Util,CQI
0.3638758032891251,1.0008646674878359,-0.5156389430914736,-1.3586147166097984,-0.6395049171210208
-0.12625287376670427,0.6453008387361582,-0.11021946712059394,-0.6127816160231601,-0.00980647996883099
0.48041027016090393,-0.002581604970517999,-0.6052105749100267,-0.29464551727337157,0.027432919839724665
1.1560708055513327,-0.5317962835396677,-0.23508843714235003,1.3440251802215617,0.3713867749286898
-0.20026795956160495,0.475720790730794,-1.4465141021871897,0.3961706599501137,-1.0203432756762276
-0.20025528697110379,0.24747385728959317,0.16314618132200304,-0.9510813214781552,0.46212928726504976
1.1994374414349231,0.623250103494666,0.001112555262482031,0.3459580786724468,-2.032301236589022
0.5728402444636804,0.4284955755020419,-0.6240572619924307,-1.101912686145283,-0.46275975038764283
-0.3819081004969305,0.7388644664881046,0.5038497300939563,0.7708151472900859,-0.3556191740444337
0.3992634381731655,-0.44813246103993926,0.7164872844602057,-0.33560287735248806,0.4929673638446122
-0.3772330458271129,0.9394760779828891,-1.2279706381056184,-0.06680649557346856,0.030923789594565012
-0.37901768477513775,0.10075654834975101,-0.5825237357616344,0.9439221700366623,-1.04962667421303
0.16723731609669454,1.5071139026505844,-0.5874267062168501,-0.9166757568485063,-0.731429664179917
-1.496356395238581,-0.5634420667198828,-0.7178864845032935,-0.9949706081448304,0.16411998742120779
-1.3509627692604682,1.2529823736697807,0.6339033873936244,-0.41569217414413473,-0.04601956577017136
-0.453548929949239,0.10098961943638146,-0.14788995814874492,0.7392619715920316,-0.4243551474258287
-0.8013155869186377,-0.5351526956470374,-0.20189553255074746,-1.08200483010312,-0.3499901396270308
0.22303288065451665,-0.409672076343299,-1.5307424161000283,-2.0168107491264284,0.5405120678618947
-0.7204168762898299,-0.2871826729122255,0.4856456148296022,-0.32138593153145717,-0.37787695196382604
-1.1096614313428097,0.27045341878208445,-0.9465914120030023,0.3927439712613653,-0.05284691717155956
1.111779355483187,0.3443563308204467,0.04597960784270435,0.8545331433063098,1.6555436662886571
-0.19380184360721722,-0.476942366514543,0.21210523068977927,-0.3299324961978137,-1.0633356837214378
0.032594734337731156,-0.0654858525210781,1.0397233092886566,-0.2930939797711581,-1.3872753019942996
-1.1192671098816664,1.5573036173955233,-0.9997361983981289,0.8215210795313824,0.606654013351497
-0.43972852676785473,1.2466753685456775,-2.306690317354184,-1.331509345321952,-0.49964971973857397
0.06609009529425551,0.279559482707085,0.14065108864170148,-0.27678353495646907,-0.22697220399198353
-0.9079607523809149,-0.018780020939091986,1.375766986547104,0.1354627889765294,-0.5772097846205027
0.27046558189442915,0.042658359899883584,0.9467361790465586,0.3197415712347544,-0.18275933814036013
-0.48315151492321895,0.41227698372786387,0.1603696127153146,-0.3631470112210823,1.2232319994909464
-0.244682360907929,-0.8133100794113808,-0.3754143300201717,0.02439281628689806,0.6206801915675451
-0.48397582533224337,-0.2400179323425654,0.616826459922011,-1.7719826360381858,0.6661472233096376
1.41021178689018,-1.2970041583630445,-0.7435895289656955,-0.4688471872880981,-1.0576949009332721
-0.029947366533249614,0.25177138902383717,0.36412491288568666,0.32279632454213353,-0.8571443337187425
-0.835957520170508,0.43750158485177776,0.38636653392951803,-0.699588783980261,-2.134203457136052
0.6153788233458637,-0.4091482509719402,0.8101830375112922,0.04186918088938694,-0.598563982242125
-0.9618767922481863,1.1316625141473144,2.1085486492635606,0.31807090937832466,0.737629152782196
0.14168903103532796,-0.9653357475639996,0.2999940817884835,-0.24404877866079314,0.4049157360353964
-1.5321639253714312,-1.144052661607359,-0.3886523485520656,0.12124988375527071,-0.15379205058093598
-1.0447324980311976,0.12086870015096157,-0.01934697726968819,-0.6856597435042865,-0.0030704460962930192
0.1324246215645047,0.7370261256647712,-1.3513675350675085,-0.14725212146808558,-0.5073990301427318
0.5504802407032349,1.214007629055987,-0.5305634089178103,0.4343822445599079,0.1687191730445162
0.11274705917032,-0.3909460451330233,-0.3124967593300138,0.11164354799269906,0.5932538402150019
-0.10879596748375542,0.760681257313639,-0.40020754736741776,-0.41777990875232324,-1.2087545116881195
-0.2519457322141332,-0.07608702414234293,0.11658942348473364,0.15952526102837342,0.24051064495496363
-1.1607741615251437,-0.17654124704237142,-0.6281303313717882,0.5087173047349771,0.7192681029451742
-0.5751641535938914,0.6146117420405227,0.8566495866489081,-1.4598231867743745,-0.3002571417612762
-0.3750880450285476,0.4413416320871082,0.0003497780776865553,0.8252048280692995,0.5439413775489641
0.7964449176008053,-1.2279529495298465,-0.00691378493346215,-0.23956671146186165,2.143327695868013
0.2457038046682572,1.058675717909547,-0.25031722431962833,0.30284512804699304,-0.06514259963010675
-1.3803887183482642,0.9864359819341637,0.11875595987627507,0.8523863906902328,0.3113719382062388
0.23062560722574443,-0.5157872249501031,0.6305597191612528,-0.9768524748825248,-0.5446014935362152
-0.3167673216888325,0.24921013665257388,-0.6622886119195359,-0.5052996469973462,0.15093357865396098
-0.5420332576898071,0.32278132756789085,-0.5026038821167244,-0.20559690059534017,0.36203634884337665
0.45261304968631483,0.14799872769731104,-0.23185255009476358,-0.558215002300384,0.1612164633979469
0.7762812630192598,-0.4594197600448996,-1.02804248749105,1.2352564573682216,-0.7576848327067122
0.6993096131413984,-0.5502863958506478,-0.6257145344451043,-0.6102089837455114,0.1699318951839804
-0.6673063113112208,-0.06638425510450602,-0.36363716119435724,-0.3957169329568281,1.1200775202518387
-0.25820467958985727,0.8311228007681558,0.6682175645912544,0.14540687977983735,0.3532328282795786
0.2361673074096685,0.359908945140978,0.20078623001395424,-0.8561402193111997,0.7416269513494613
0.7334769926343921,-0.32483238105519396,0.14809264683957177,-0.2818818763175847,-0.16551814395385778
-0.38939524522308133,0.530753435193744,0.650270471132665,0.2259159782299867,0.5811650905604583
-0.1628359884309712,-2.180786237876448,-0.10475930912067588,-0.23714972427618647,0.22509155104945677
-0.8734895635281172,0.8131744144824561,0.29850344461419176,-0.06662895648232373,-0.7056434255065503
-0.9428599062000195,-1.3502798930786084,-0.07866896915083013,-0.37705038195280405,0.25478991845072435
0.6076452645896151,-0.3187105590349589,0.202926186047364,-1.0785329668093486,-0.7365014619623248
1.027328677175536,-0.885870634945296,-0.44503113247248893,0.22886389244068922,-0.4650262699020294
-0.07511244029468275,-1.0169532899288547,-1.8630442216010268,1.249495265299639,0.15704462730179983
0.7550802595967969,0.8222080984072511,-0.10239656869607383,0.012971731990029422,0.2386922569933607
0.2596113771154507,-0.39754988067749997,1.087159196011486,0.1602713009195597,-0.8859541385917881
-0.517485664759549,0.2122849846423252,0.7078123620945023,0.49313230934836755,0.8112317228829214
0.25942580151060896,-0.08238764507522721,0.7377471435742409,-0.9039774476058771,0.4465731410212713
1.1676542205463039,0.31005639657719386,0.9445850605340581,1.212169939441405,-0.5193855295523921
-0.047182584793486956,0.010294744241066928,0.06792523629987705,0.14393985809253,-1.1495123791854878
1.188191763854369,-1.0081981086085992,0.15093912368687318,1.1618570111473836,-0.09583104927047159
-2.041664168532474,0.6989536408135294,-0.47168927279351647,-0.5220986832687069,-0.32359282253001975
0.6148829601433183,-0.41706520993781454,-0.24128542230433217,1.294447120443074,0.09940202251540041
0.04766100108505567,-1.213115181418493,0.47063556336206075,0.5518297905390774,-0.2609270949929955
-0.2503276003622142,-0.3679001670049658,0.919949170191582,0.3936691475094192,-1.5050106589936922
0.05129942943893213,1.076815938097452,-0.10634419996193463,0.16650923173721835,-0.28001595088780984
-1.553698510202668,0.5895667284479535,-0.34374923102142624,-0.17709999760720943,-0.21742529588127896
-0.18908995507594226,-0.3083828229006421,0.0005949383486103223,0.854725335912141,0.4932202136584114
0.2561198030586225,-0.30883639123685774,0.4595084835734053,0.09981394465355183,-0.5144459651877852
1.121231268061149,-0.2881471849367649,-1.102901357654,-1.4008132257068129,1.2838621408596114
-0.4195727434347713,1.50822774008049,-1.7540713601321962,-0.795640981530503,-1.4325174507269525
-0.6435910587292546,0.23882302459621912,-0.42041394198351484,-0.13246571286344544,1.0058116274117008
-0.40682651494299227,0.27485428445344934,-0.9324224476642715,0.22060804653432917,-0.15591480785280232
0.68705366370542,0.7244319020067356,-0.3880232564373052,-0.040426119365901916,0.6641508675140958
0.23422809053615784,0.13160728466063384,-0.11271133884718296,0.8678551988528115,0.0741782468312596
-0.42844166072192175,-0.2412654633317881,-0.34608639144784,-1.3894430835295746,0.8759725460061739
0.3766529884423359,-0.1943092981927153,1.1098645664918514,0.10211253844499357,-0.2792707342643903
0.055403352662864044,-0.10087333105712412,0.2498218351707946,-1.2946510909199087,-0.8173984044636181
0.7281508988184121,-0.07512364312312446,0.22975146663375792,0.5408332269364577,1.0885342311358277
-0.5614315058728468,0.4977458857582827,0.4755526088734777,-0.06739218746730366,-0.07205616447518814
-0.27244573244516246,-0.008337238817110165,-0.8698673446756829,0.2986582125396914,0.18142949620451118
-0.32219046900461307,0.501498746227622,0.79406425116013,-0.6152723842044581,0.9479967228011043
-1.1491904901283188,-0.10770065317026524,-0.057691695680539,0.9109309694850473,-0.7669605093213385
0.20904092598635704,0.011652894823147145,0.5124331365226171,0.7416444084797744,0.46434125794348097
0.18197486674940788,-1.5438850800769126,-0.8186983318540854,0.4153901376944186,-0.43250406009891923
-0.015582109595791363,0.6390796869603209,-1.1868670513131814,-0.09235614686491832,-0.08619576688433393
-0.20060277021978298,0.21227344576333837,0.6250524042948663,0.4127647408445748,0.06848682005406287
-1.1120288260130982,0.7002593551796877,0.2877652953814562,-0.5034849956272373,-1.121244133143265
-0.3442178072664255,-2.216522815415502,-0.6889682210337129,0.6090799466535117,-0.5754550097021841
-0.2840643914898311,1.5169360865608938,-0.6642236999144329,1.1744064440836166,1.0360034609278428
-0.6387927803333261,-0.15179622328424083,0.8600142950769348,0.7622130484972905,0.6842808143113558
-0.14402269476687643,0.7827780709923069,-0.9085091035852957,-0.5196559254352725,-0.03359056120088709
0.2923506381793956,-0.8261278878276564,1.2551799072335372,0.25722125069027124,0.19774524598951967
1.436384555776226,0.4117196813780497,-0.6878750868056006,-0.920932464680417,-0.20881792385727477
0.11522444007550879,-0.8362465265484333,0.4879176459106231,0.40744776874487654,1.040172619042843
0.1792695105274712,-0.514443723527257,-0.2508701702907562,0.3207275618604747,-0.13778218801442782
-0.07699258689496369,1.386353932091039,0.4610217080852814,-1.3315624937490314,0.18920993043018444
-1.5005947786961904,-0.19006441240667502,-0.41550694058924154,-0.8273972234984006,0.8808711390973196
-0.03999468979405745,0.11561155093905046,-0.12418082928694951,-0.20174477112638492,-0.5743461901351289
0.026961540822428617,0.6044312583090377,0.031453488182996765,-0.21436317124894302,1.1931585466096795
1.8818040744323556,0.32401844251419365,-0.7654712077984083,-0.8613578121962175,-1.1441229297741566
-0.1680091349337265,0.06541847916510292,0.5661751534149023,0.27684677191324103,1.246764841929756
0.21322998201351515,0.22610926058011413,-0.3918992675631508,0.17893416674035328,-0.26815923512040446
-0.046322499879398744,1.752899871245364,-0.17445683107493729,-0.1384637081142138,-0.16982067624651476
-0.9216110755120748,-0.09040054816712553,-0.7594829796833309,-0.5383042214473535,-1.4161522243662705
0.8625956912023443,0.10337761004412467,-1.9574097894947045,0.7466163766357121,-0.33028936136217873
0.5608747581845429,0.7396896189075052,-0.14575202228105585,1.178626297979291,-0.7729006788309816
0.5910545210434786,0.7807880805149606,1.8434094795315066,-0.34445871210524415,-0.44593465068112714
-0.7214692447210076,0.8418343809178263,0.5996226613747621,-0.4360341601823998,-0.09008583335286567
1.0632631071970329,0.4311608116180903,-0.014523185958399909,0.34964043533247774,0.738452641433923
-1.1015932238830386,-0.9033484276037717,-0.20065480095893581,-0.25507167467403363,0.17087125637292525
0.4334555504818709,1.1761862999340125,0.017355335440685276,-0.09939131771986076,0.24658524198561624
1.6712449933293192,-0.9058504278848901,0.41818598614374247,0.5265498095833453,-0.8150522060715307
-0.7841066274547969,0.17942779617694765,-0.901939480629989,-1.3597173706040435,-0.6525639454473551
-0.4566443329272632,-0.6121926235666998,0.8515239879477695,0.9385857239731239,1.3746904628078076
0.05739003566781786,-0.0952836528176755,0.5467368924310915,0.051621840851940125,-0.5424406490266354
-0.4081530801212432,0.19899672586853726,0.5488794382959057,-0.29314135876822617,1.266864377557819
-1.216458868081187,0.19345027805087314,0.3351833600529223,-0.06367196017289006,-0.17009490137408853
0.03339345515369336,0.26877178292513526,0.015178543766305348,-0.02688417534633138,0.015532638718781475
-0.8395026097851169,1.1614159376149886,0.5142519092132019,-1.232859556296213,0.8236241272691301
0.3460285533158679,0.29245014572157085,0.4523326045412593,1.064361995714186,0.976096683770816
-0.7292164578681115,-0.2301163026370526,-0.27029254423225824,0.029295114711174932,-0.07003753022484557
1.1768379524205037,0.6748512695078613,-0.43803534953978085,0.31531495350308864,-0.2799373531943965
-0.6241085078800528,0.843662064046183,0.07800893541335445,0.6774340087808274,-0.028506967360136845
-0.2681227045586659,-0.9667155087842755,1.1836299541028732,-0.727265633928991,0.2694953056635712
0.6084105048974826,0.4002047683399759,-0.9464758054067923,0.337011414060484,0.6881488551759459
-0.9696115680730116,0.47792989564779115,-1.1209853821462954,-0.1907093235721265,0.017001868931392952
0.15604321780479521,-0.27011773578275716,0.12606747964868914,0.6028245369870431,0.48204187311915325
0.9894313565097468,0.9831519863834149,0.039069358585228836,-1.5148559554610952,1.253360450503375
-1.2603170729292252,-0.1596351655302934,0.13262315637708835,-0.07069302659787331,0.30229485360607367
0.12298652451021322,0.04681162754362225,0.18656977431213048,-0.4293790131107289,0.2495935782821995
0.18106985169946188,-0.17687419318643427,-0.17033306367863707,0.3076679577418807,-1.1353839276349595
0.5839461981591778,-0.035575788850084535,1.1384347228306935,0.33457066001368774,-1.9765700351195334
-0.974309548669504,-0.8683480602047061,-1.2228855972451762,-0.5040071721150032,0.30764097357573356
-1.0387662827603863,-1.125834129054759,-0.6327731788688822,-0.5072456226277191,-0.05794099610892365
0.3833483984370607,1.1470306013012983,-0.07869418638675667,-0.07893238117657579,-0.37567536605174834
0.20970813815360825,-0.6816135219981277,-1.255190853888241,-0.6385991166129574,0.1980529837722462
0.17382191950228276,-0.7897915006934266,-0.13415970421527756,0.5994158242824085,-0.03189895145295632
0.2478881699827033,-1.6601210586380923,1.269540819518875,-0.2630310113275403,0.8670635385995994
-0.5444281935534769,-0.5258230325037021,0.016148683669723125,-2.0700964513079607,0.07895183394203563
0.15974343863062737,-1.0382309544278607,0.17644513450180935,-0.2670291547716293,-0.5513095308696891
0.20668837997811923,1.1826153871921246,-0.9625637031500993,-0.7396422971068102,0.7629468052476279
-0.5709243655210091,0.7091027140493368,-0.47070335127400126,-1.1617060979930482,-0.15047655171160923
1.4206293635426734,-0.5626650055510884,-0.28645529776804424,-0.881259821715076,0.41217151576586525
0.34621418352165095,1.6398168954015062,-0.24254008041378797,0.07777453256237934,-0.3474002852303198
-0.9390752689822792,0.6880922272591722,0.9793566657919067,0.9459474120180317,-0.47784782576618373
0.48725306185532086,-0.29054121920766574,0.42626286365701255,0.22287632346976893,0.07748206260251857
-0.7718686987789815,-1.9192847288161623,-0.8489529519561033,-0.43200135855845095,0.023507582609820162
0.5880076363231195,1.6686582398080994,0.18851916037889446,0.324502064247679,0.37683168417164725
0.8747704101132701,-1.0880260895806784,0.3808288091209884,-0.32703364201085333,-0.18945179824080305
-0.6529993133611188,-1.2796384835293249,0.8712558614997074,-0.49473214913993746,-1.3755611318424223
0.7240839576553749,0.7186548934322606,1.2077113778802497,-0.8221128628721323,-0.31362872301635175
0.29908922543585637,1.7801159386266558,-0.7753318456205248,-1.247547682679681,0.6143929744741785
0.615004651737092,0.9895678743895157,-0.6192967388110768,-0.2777825135074817,-0.21118873947170286
1.444571974988709,0.37512024199083077,-0.96058732851922,0.11241295501047883,-0.17260843168731627
-0.20893985833885223,0.39822313333828574,-0.17859762254306263,-0.06893377689750278,0.7600795490649951
-0.6013247570434379,0.5919588785308111,0.3564854592475051,-0.29632698403738356,-0.5248668321539977
-0.7061296068622298,0.5211886890408,0.7545068515783561,-0.6735642454457678,-1.1534605602159196
-0.6492386766616263,0.16336633415471918,-0.05783436126028588,0.43297949193396196,-0.10772951802403931
-0.07904254720247149,0.030801615242080804,-0.24416923632969817,-0.9380151756704228,-0.3525172567764149
0.2438000997810292,-0.09412629301552265,0.11613341234745732,0.5524510102872422,-0.7172461069651406
0.19404365457470635,-0.6119594907761066,-0.6378505729048702,-0.7137752471913712,-0.11888713540714782
0.618959073871933,-0.25746840269646815,1.5965815971601935,-0.5359143436454892,0.3856675498239119
-0.009493165474107704,-1.3152591989157703,-1.2280479255953622,-1.0445780553652675,0.006774031141748214
1.102428238436247,-0.1209002125026917,0.14133183123457047,-0.3571624266355837,0.24605897586682363
-0.22381304155442353,-0.7876933865209483,1.5462097196245066,0.6943545908771086,1.385799162255896
2.0801215390621577,-0.873826376117196,0.005386606293211189,0.36702936769604844,-0.2456154740415032
0.46341250147232477,0.08749526676454474,-0.14499664270869816,0.6965688668208666,0.22439609517238038
-0.6811539067337457,0.995357200781309,-0.272893715474326,0.37166808589230427,-0.37146170642318493
-0.8461321410328427,0.6405693849204844,-0.137626145947108,-0.7860162580036395,-0.6265416721560856
0.3528828569218082,-1.2235402103744386,1.0490362742306625,-0.23567490912489955,-0.42873089142496573
-0.19201608203123574,-0.7884701155164999,-1.6896523211292174,-0.5556840435974225,-0.34842006027600353
0.531595300218179,0.6573877360538554,1.171722037198789,0.9473245999999265,0.28577571113393874
0.34575468477047716,-0.7831217405727484,-1.0876997098955772,-0.8523229237009954,1.791077744168228
-0.07574445069517083,-0.21549332585567585,-0.20352855535295028,0.6362395575012567,-0.5279462923175693
-0.6731542425794618,0.36474141394341986,-0.327747545883311,0.6357099097085201,-0.301410946887594
-1.1888129696499998,-0.7725287618730009,0.449841331884387,1.3026773683081194,-0.03395632159115871
-0.3641861181626969,0.031681235645805064,-1.2207619858988619,-0.2918549760824063,0.31325719638684274
0.6415100383446398,-1.0464217311705433,0.3532876132497331,0.5070883623672938,0.21320028058603235
0.14572609096196976,-0.4976652677494148,1.5467471144101332,1.6245533453884513,0.9853295752041985
-0.9810929033375853,0.19227040152571787,-1.0412618959854758,-0.43993254586462466,-1.821970865288776
0.1141462076357838,-1.2403874336773284,0.14512549926287335,-1.0931801031939452,-1.7921143460271436
0.27789059740133015,0.28266860867801386,-0.5055572357978779,-1.338821068336385,-0.3613724977310207
-0.7017630733445217,-0.06195300178399335,0.32556582697570724,0.507365974698252,0.8440027720199851
0.09912860316655361,0.3665673534345577,0.014820323175986286,-1.3410570769365215,-1.1707446093648066
0.02540118716694491,0.1204659775954145,-0.48989902279136033,-0.26524685306015394,-2.2617286877734646
-0.9017677242773358,0.9744888326253087,0.3729219059272255,0.31126405512104033,0.44594754178937923
0.25664066066814534,0.04654801842645894,1.3786983674897355,0.13172561960513227,0.19814908486657115
0.41333059521962257,-0.3688666542292191,-0.14565730957650566,0.30281303594250925,-0.8110339953180955
0.8164590687810102,0.04435571276101848,0.5500805984373641,0.15815343297515613,-0.7318431190393607
0.7938821336674506,0.3596826548575629,-0.987858084004563,0.9105043581870292,-0.7198921881777142
-1.0829277998509745,-0.010648496641230049,-0.7305177681365085,-0.6782427414189172,0.09743101229922142
-0.7434197154525894,-0.016841464448955918,0.3611060066215161,-0.4821960777718486,-0.46005928862612583
0.37801754842177815,-0.573032090569126,1.1340437498632876,-0.5503152974344131,0.38760310051516395
0.3770532231922045,-0.5437533313097087,0.27187719076541705,0.5910192348413148,-2.145966847407353
0.37802713450416087,-1.0977875846504803,-0.23898212096742333,0.6410110342048805,-0.6344798746329694
2.9543264351826712,1.2631783864651212,-0.0003497780776865553,0.32117039977876805,-0.8381542133386117
0.4211312263983669,-0.9788907238841975,-0.9551094133463357,0.8425931757576435,-0.18014195987094997
0.8569940062439569,-0.566226362470146,0.46203620890918534,-0.8389732834658629,-0.3932773854504591
0.7168480499587122,-0.5853272627099048,0.6742866233512019,1.187040770846606,0.6174384667852683
0.4832683292222502,0.6230487415910063,-0.34520163097561085,1.0845137203992368,-1.3929451822906853
-0.262879869853659,-0.26815999602960433,-0.35891666664402294,0.5236793649358722,0.04821980057678259
0.5663058675369905,0.8873071409042229,0.20332031422279223,1.2686254918327908,0.43623073010018965
-0.6160592584259498,-0.5516849599489216,-0.33345862425914496,-1.1797550928149019,1.4185137108808197
-0.20232520517958538,0.16172059790399826,-0.05033317932280315,-0.37357267268267347,-0.3506954144749563
-0.39417266451073407,-0.6729144826401809,1.6043613750913506,-0.5237154023981828,0.2592822187765016
0.04366810847907731,1.5594597987317351,-0.1885339762046797,0.5136088599160349,-1.350974387170315
1.7671150542596026,-0.9367487041119744,-0.27357728106866397,-0.747900058884638,-1.7959171963522367
-1.4608381875809255,0.18480950282654163,-0.4945249128783745,0.5392544744171276,0.6529454640629765
0.5101830487115825,0.4274507879843191,0.5687479914255318,0.9757796066097206,0.009594783710045216
-1.2643560529155706,0.2626887092940964,-0.1382621624198328,0.4948983341641133,0.9054469544779006
-0.3838049858826231,-0.18602378215296844,-0.495923959254034,0.20191778912558578,-1.0252947673722903
0.8210126759948546,-0.14447935278997556,1.0096567536100367,-0.7035616138439021,0.4071519174335412
0.030087517129370033,-0.014429867400111034,1.0847563419232065,-0.6031444943898314,1.4277216591903654
-0.8514212950891619,-0.15734804784655776,-0.45852697375849394,0.8896786540343677,0.3313446984459774
-0.5716594223397437,0.674695440150948,-1.4258292471129586,0.554815842804,0.2230591113708369
0.5050404275921399,1.6084244494880684,0.7699235702771212,-0.027915868322257918,0.02027502461688532
-0.5832862266949127,-0.4648025049310603,-0.522859848424886,-0.29771025449959115,-1.1747041419936823
0.1475514734849254,-1.0732188588157217,0.6042228925550119,-1.442638629618938,1.039408127373842
0.01564700334983936,-0.11336714482321684,-1.5049511702604155,-0.762648123904913,-0.44836426872641316
-0.5224879202739612,1.8849428650812776,0.6821284438967504,1.360923504510819,0.39548621765824726
1.6353435580996636,-0.6491919756165092,-0.925133588451014,-0.9118992254963688,-1.1687671035196932
0.4697818236210059,1.1804445364074259,0.5584892250651798,0.13479055054648484,-0.8785601816930763
-1.5827009654135282,1.209343734162239,0.011096086042998712,0.7172343229532306,1.0995675987412454
0.12439170259344164,-0.4618787737334709,-0.7286101136605195,-0.8937181349094212,-0.2489621740288968
-0.5303504045777078,0.37892060783096637,-0.31078073857264704,0.13139446512425423,1.113328429643864
0.6384491700282316,1.1724151822867601,0.5245331129037701,0.6677255464721231,-0.04538654388848692
-0.631261886179785,-0.33120887474077143,0.08109405406118858,0.008768903492644005,-1.3797510928538073
-0.10809213354810183,-0.199724908834695,0.4466781856712836,2.042358444436288,0.6887268203902827
0.3702616834078975,-0.4829200216317648,1.5101755712623897,-1.1882828215947943,-0.43250221500892577
0.6487320784762979,-0.807291286166926,-1.1948758572864209,0.7537522688703853,0.542419280371404
-0.946016737594582,-0.5335495046601505,1.2357283922879252,-0.12317752441785065,0.03287579082095484
-0.2777247048905231,-0.9639685364111689,0.07991864108442433,0.54952601822459,-1.1536988919129323
-0.38613101125182436,-0.021716085531023204,-0.6864718738960007,0.31410801819446066,0.1381046183782108
-0.5238224161084492,-0.6239498705445656,-1.01615684282484,-0.5221864108254063,1.6754316857408806
1.3431939146444931,0.12785988161964207,-0.14429480624499202,0.16292892405471676,0.38678790980779043
0.29306914808837004,-1.2126011823255474,0.7043245186762868,-1.323078317057729,-0.02971546439427389
-0.9927831974617612,0.20058296214579752,-0.09725487333905801,0.4294200981607017,0.8273905916003493
0.6889523626273784,0.5770639330677336,1.1547012434329496,0.21217682681152444,0.17319027630834705
1.6185258680430703,-1.5405407896525072,-1.1084944437748796,0.4546362252157741,0.1723321308665976
0.7774126403898961,0.2329217875767316,-0.009044272291714464,0.7533177632959183,-0.81210589911176
-1.1923039939199145,0.8722725207384463,-0.9566264794296268,0.2616378511597643,0.19072759027391628
-0.39330084269431814,-0.953258482883871,0.2780032832003735,0.10531788785344978,0.797202850507287
0.9583772896330544,1.205502572028062,0.6777660914785512,-0.6275094917172638,-0.6187506841135114
-0.5657666842294484,0.26659839291765397,-0.321266890467735,-0.5072790181083359,1.0915541669227096
0.32304729745470706,-0.5752941787756467,-1.9894059085176479,0.8449009456695077,-0.055581806539940666
0.5783972759819307,-0.089015119127241,0.15218629365628716,1.0226329682381352,-0.6578717103046826
-0.7350103901739815,0.3709392010608081,0.33385616373262345,-0.1696815733735021,0.768595348232247
-0.06547566983948672,0.009683190760074657,0.30906937578010135,0.03262552532624147,-0.2031826726100625
-2.5214062279281086,0.35628069590417366,0.9443187865566061,-0.644275805202398,0.5884393916029468
-0.8102358617905234,-0.736823564028678,-0.8180844238194007,0.8349478591818936,-0.20693866186191573
-0.214482001105866,0.07960586609904476,0.5198709676603802,0.4736887069974334,-0.031461958648606694
-0.9826709421751136,-1.1061083295549132,0.9112572953827529,1.3821418708046127,0.3872219974403528
1.2405004170067744,-0.13055207693381768,-1.3586343779408503,-0.6255546880931535,0.2338900470591736
-1.1234300195343336,-0.7242659639132056,0.24440288965277168,-0.2692976821382397,-1.4959883189718695
-0.35919167998788454,-0.5981520480769194,-0.38499756962261444,0.1646731490662369,-0.8345148711521753
0.08138725060506184,0.8785821845466587,-0.06209105460170921,0.460211246141897,0.7169795186483473
1.0929643522095243,0.7701405198465333,0.2658134924480841,-0.15370083834475182,-0.08617097604956407
-1.1278457835512095,0.40899650022023837,-0.37204694423846707,-0.6217366041725182,-0.3824457660210698
0.8782965024501449,-0.8653803039362765,-0.516043709036027,0.6274881624581403,-1.0140754600399697
-0.011630377211987963,-0.2842324908357499,0.026283742035102944,0.5133639371217329,-0.8031109697276795
-0.7771383249463906,0.8613587075226478,-0.830455173717338,-0.6525782895225288,-1.5158614378086683
0.3371604303894495,0.05890073820870306,-0.8293696868403326,0.965032163032184,-0.06282587934855147
0.13412157386163312,1.6899199130600138,0.5192270583612932,0.8331262996186353,-0.43896743493960005
-0.48282592508837124,0.2473483662908647,-0.8774774018029295,0.0954964282901802,-0.7175045347259217
0.03434990246494608,0.09659926501187098,0.5092487306896814,0.056547436255119765,-0.03773955966715454
-0.31694587077603353,-0.2787708361700807,0.3536074405838147,0.3943938057265229,0.2891764357770705
0.06809294136313244,0.05277695519090419,-1.3183102483270668,-0.6137201602515905,1.597484330078331
0.491557900715837,-0.16144342423152225,-0.5174621153312894,0.021252941804655756,-1.1300670961692385
1.2046893296043644,0.4831248701022381,0.912481126309387,-1.5327687550335667,0.8909722326616657
-0.9749770632449533,0.6693200587479352,-0.7494106341203396,0.6239620988121088,0.7500359213802468
1.6269217697519551,-0.6359459331245861,-0.35460936956238226,-1.1120163449295826,-0.5756484659487088
-1.5263112628412927,-1.0443301339551687,0.35320221974734134,1.0704014482457547,0.16756694830099264
-0.13668933624169483,-1.422551535267217,0.5986953447177901,-0.23519844470917348,-0.332436952814429
0.4345825857278663,0.3332381405908115,-0.19198201182674715,-0.15085211087457454,0.15429086358424796
0.1973635734686321,-0.87365956684387,-0.4563011827735952,-0.4471188706007443,1.155587906124369
-0.5001798806942113,-1.6597469205794966,1.0868701975492492,-0.20523387414581823,0.4719943713388231
-0.18017499347153385,0.24379870697917752,1.3286963050318374,1.009955317059293,0.3986072202795278
-0.4000678287928649,1.8199977147278819,0.7480309029700525,-1.7716132900643111,-0.31176407048888627
-0.4744493647673238,-0.0517914821439862,0.06537392580245083,0.909151130176288,-1.1090137836647138
0.6362637874911572,0.5807803019896434,-0.6173166333713095,0.24056331506088227,-0.14392235615821533
0.2560448644362937,0.014045308225886875,-0.6342609621727826,-0.8596094874728615,0.926703569331482
-0.554373800448126,-0.12131217907027075,0.39938796544706584,-0.7658239162518046,-1.1416310759918677
0.6748561914184167,0.6411385283571148,0.3198443051691162,1.1935696362147172,-0.7844634482105332
0.21766998724660308,-0.2646583478138616,1.0710011228634553,-0.6733939331645517,0.10933392850010148
0.6079048458879794,0.15303088120665823,0.4971299840607027,-0.8213921406852778,-0.7311736803879967
0.46647030899056857,0.1937053785358536,-1.1481491307160945,0.8097106301962236,-0.585809941508664
-0.6594157342419332,-0.5476402636191608,0.8038707175901859,0.24094027892591063,-0.30668682483622794
-0.451922968183813,0.6957895374535239,-0.7623183455471467,-0.6679955511632287,-1.0194043843150034
0.557293665819876,-0.17828824356747766,-0.29315924119456843,0.15411966902565655,-0.7232046142333196
0.45160495323728067,-0.6132931278051758,0.19134243616269747,-0.7305341739839181,0.5460048160702278
-0.035662668634247496,0.3545983434775048,1.524864765231422,0.7837251339207026,-0.9753350918780479
0.07103384258642802,-0.7201916904978001,2.376143211418006,0.7556338547562299,-1.195124890756201
0.966677917096267,-0.02613688201301962,0.4637228981915407,0.37869164943593436,-0.4628659955151928
-0.4761526250317697,-0.05407448013525917,-0.13976909419963987,0.2573948122813572,0.5675883670451967
0.40276572908207653,0.7660850498633035,0.4085494036406007,1.2539492707537245,-0.135186518141658
-0.17559804134580878,0.3083018070572821,0.6783528643543286,-0.00035478346292375847,-0.33769357768461294
-0.1875533807118028,-0.06598945110189468,-0.2447957875934307,-0.8417028129576045,0.04736283247640752
0.8285973890533168,0.5652577907244164,1.3717179643497304,0.3199232842439628,-1.3069748989970296
0.6175952348671463,0.994012952975609,0.17596370785311585,1.4852699919955876,0.38808862760786605
0.6084046529723518,0.3705522660482645,0.3804631173597453,-0.722706306095566,0.3039029144063429
0.9881469850492445,-0.03949035278752572,0.508952111828973,-0.25751646988995613,-0.2958751399806381
-0.0033166014956293945,-1.0298021027359443,0.32228020811224506,0.296405285433882,0.77486928226218
0.5068583822203906,-0.8450083352458224,0.6411350709311331,-0.03851519290297403,-0.8392453137298237
-0.2590185375009472,-0.27585593070941755,-0.4713846625557894,-0.6995955814415752,0.8671609433684907
0.2306891972836985,-0.5037654944138651,-0.42634626370090345,0.7987044625552365,0.13068925071728033
-0.11998422649902894,-0.18728482178422678,-0.8403170018861017,1.651888733158901,-0.24082911011285973
0.055340379136945034,-0.004813940934871414,0.33596682717400744,0.1395269500637639,-0.001234479713985934
0.43986212142286385,0.3494923833587618,0.5952925217575574,-0.6438869569175174,-0.0673533212105702
-0.6510992206005706,-0.10004757894303148,0.3499262030958325,-1.1030922477943896,0.9370496772800014
1.595547762358755,0.31714249311370124,1.279489722491491,0.1835642794801421,-0.8007979419457707
-0.7960561820067559,0.0010465564406392897,-0.004083729114006602,0.785901165801599,-0.5631091999018284
-0.95673988634387,-1.526857357963485,0.5111045844438628,0.33821896794867606,0.7978531171230253
0.8743962744752692,-0.7508011440973282,-0.8338587083403453,-0.0018431194869434672,-0.4367713362054908
0.5915413834737961,-0.15516514483585897,-0.29554933581017784,-0.4197312394522435,0.6951316759950081
0.46221798979086975,-0.9532987219592617,0.5315765810550159,-0.7778230968745353,1.2995698417915131
0.4654797271300376,0.40209872006283237,0.6488984557432657,0.5942659062233542,-0.2901905765820649
-0.02898216475824383,1.0992790536718462,-0.22439669417728597,0.6505335050426565,0.5293103156745173
-0.7121039315648945,0.8656011241718672,-0.0545096442058135,-1.1007917515744596,-0.8590649592965651
0.03898310573510157,-0.2071118720061104,-1.15945119825532,1.1319375136932137,0.5848217115105976
-0.542218286544839,1.069300789848335,-0.27257572536292307,0.4086446859875868,0.1646828690319852
0.7331486387315248,0.06410665485726816,0.6804368329815466,0.996471152796566,0.3716954135346353
-0.13304009749290976,-0.2997198339571733,0.43964337831449846,-0.955813834246446,-0.47462869659976403
-0.656715833165579,-0.5066794273309241,0.38269598385623915,-0.9726872199708362,-1.2429496145336498
-0.26760116328046163,-0.27379243837242995,0.03821826073990355,-0.10620728309316493,0.3945547162111801
0.2992054148358283,-0.33798658112726665,0.005587776027406095,0.3578838438171327,-1.547338798895027
-0.4546581431094542,0.08039635330868938,-0.5042882164846698,1.2789945235244093,-0.22630108600398044
-0.6541865280539882,0.07302457187639096,0.534090619642246,0.5026427645905809,0.7258859508184351
0.16856876682278257,-0.04496295340213445,0.32181137227588086,-0.17293630963236217,0.15898861910281062
0.16955628196181713,0.2800197396824415,0.37608984528872597,-0.7309731792610953,1.4878889542047884
-0.41082959866159324,0.8445427208088944,-0.40169461477809093,0.8757091229648197,0.7893840987753804
-0.3831152625358677,0.6639661125449009,-1.6449443036714195,-0.6870645487020884,-0.48092826480826056
0.1595861600297493,-1.1594243351740088,0.8384070293540488,1.1594442892190207,0.034466520653091214
-1.1372798768370087,-1.96011646092305,-0.3656362081969413,-0.20263182833434526,-0.022038355542467636
-1.1059255770288448,0.6525557673407268,-0.6589618474567361,1.132466645350382,-1.1832500042321858
-0.5740835281940567,-1.071028589254972,0.5300036402874274,0.48331188761501065,-0.6976903425394053
-0.18428519097379342,-0.2155923817552979,-0.29930277871092686,-0.09768114284204465,-0.4104618188966678
0.22045497337393982,-0.9236522466111563,0.8099740678934997,-0.369975487245367,-1.526772806753588
1.1192723635186754,-1.39691725788415,0.4715789400315481,-0.24288004937653423,0.04973447816276164
0.6424832499334199,0.35830802522337096,0.5224327978281984,0.3048579647346465,-0.17464246739239722
-0.14298282895522382,0.521358389037663,-1.043387096445728,0.05480902447797034,-1.2518852540084637
-0.034207372364026246,-0.4790473373412865,0.9261065972667,-0.42296384172069074,0.3196231173328704
-0.7933638432686339,-1.9879199915067431,0.19978479154008236,-0.11807178433974816,0.5554203894750592
-0.033819060023293136,-0.456378315205083,-0.2819330473524851,0.05582053688888456,0.1855725610751568
-0.24233961231989312,0.24621451344746118,0.10973916568823916,-1.5159288055647429,-0.23138358594456238
0.2295716720407076,-1.154940556681268,-1.356837201472299,0.3261141225262095,0.4612780364674199
-0.6580540817315564,0.09009110728075888,0.3123988943189042,-0.6977567759523955,0.5284463209523265
0.38134532401886817,-0.05871139262418954,-0.7862395952742327,-0.8213792470436198,0.24637863089641268
1.1635650552109928,0.38664155468681954,-1.0332371431742564,-1.201630545792601,-0.6100878572394041
-0.1034791383080016,0.04232059475645951,-1.162878036348946,-1.2774997715040208,0.22307368314259463
0.29054510132053146,-0.7760673743853141,0.8502761454456886,-0.9652983674180526,0.9182846637509791
0.5131808865098837,0.8489806812324808,-0.4805603598357415,-0.5050005477329265,-0.4375991338680073
-0.3292241072426256,-0.1659821316881711,1.1719466573126345,1.3907163465640895,1.601071608686479
0.15344394034591605,-0.06769534583023415,-0.4091562306361679,-0.37459202217607274,-0.3838829990045752
-0.009809244433766202,-0.7462566708092626,-1.3042155422457475,0.1264382292252857,0.03832028869082083
0.055865362241306324,-0.3792602292517609,-0.8528237023789814,0.2850374132871843,-0.4949910722383007
-0.6162017242293308,-0.7099564845281201,0.9443412694423551,0.09319552429246493,0.18272504428431927
-0.0006101251418738093,-0.17677999641290343,-0.11891331496086559,-0.05527621815631095,-1.304337639309158
0.36486700695871105,1.2348152779870964,-0.41869530240456887,-0.8512584697258408,-0.39932555856131763
1.1005830772684038,-1.074790370947007,0.12244416137050969,1.03302352453249,-0.812481186730434
0.7209151465043242,-1.2557924944870065,0.3835493737613562,1.286710333901625,0.11619661961611605
1.6424744916729959,1.0546536025322348,0.8538748826983937,-1.1982940555614003,0.7661858500742111
-0.6118311556632979,-0.20402661985605716,1.1068328151591318,-0.7293065076061975,0.5025603815668294
0.6537998278627456,-0.5483759893760289,-0.2746686382968138,-0.1993746235381827,-1.7805609036892678
0.12198936610793948,0.7316381497630903,-1.0128977007941213,-0.6869451846212905,1.5588014274002029
1.670741191421264,-0.5008469169533897,-0.31569232454226265,0.36014901320142484,0.23720607177412859
-0.6434402965641876,1.320426236123957,0.19904370086252077,-0.5187086883694919,-0.5736861872525924
-0.667695586226201,0.46051812467835246,-0.7361121343058833,1.5415295610047817,0.13268228801808254
-0.48218971515512393,-0.41268720789305363,-0.731063669219665,0.8476167437835205,0.14710424331873026
-1.6589267718070786,1.5685668829515818,0.2628426332235177,0.1512351323997471,-0.4907262926105491
-0.4253501312623237,-0.5009213544411771,-0.03697840531915609,0.7311497068415463,0.1635424539572699
-0.6054902181139536,0.508580706961083,0.025248210964829713,0.787341731320993,-0.44580296114999857
0.0965572163839099,0.17692399490612504,-0.5792924762082421,-0.40169878482575605,-0.29213270504047123
0.2442663174767132,0.9277522397432613,-0.1758326262676024,-0.5813312886168991,-0.5054270611505057
1.4286541059416926,1.1223183874484062,-0.7059147692270591,0.05551152428720864,-1.0701363660152314
0.7140863124763639,-0.02327348349710035,0.6802956837051293,0.6134096342590147,0.12413934426536369
-0.46483086031936516,-0.6115500017883116,0.7911133697747433,0.09888863649315538,0.4566305486393224
-0.7129995465780691,0.2972720514554156,-1.4102804221397642,-1.1230556760189663,0.4033549614107612
0.36017464157892976,-0.5548492697299401,-0.7099468998190656,-0.5717947419594956,0.6341449836672128
-1.0385938395574805,1.460770917799794,-1.143144186140342,-0.052804926864432625,0.2591926433652964
1.3941416445805774,0.055019763050595014,-0.49642123839072694,-0.05401026855936393,-0.3892506417565942
0.8908599444695421,-0.32086811908029167,-0.06355432516844496,1.4044471269471202,0.6490789264837107
-0.3816775131186557,0.09108006876914213,-1.1073251772930628,-0.9870451501177333,-1.0132761463088018
-1.3418674450339405,-1.0562341500363486,-0.7041015641883215,0.3598810548086043,-0.6676330757615043
1.0255011264707754,-0.7749776609827669,-0.7668234089705155,1.0602141313491478,-0.715697945632185
-0.10794038439537829,0.8518586211582195,0.15854207921848693,1.6172887917747916,0.8309561185788138
0.9359194975953666,-0.5392543939959084,0.05317007268312221,-0.2880887428100536,0.727101516807895
-1.2502397041040851,-0.8313746336424045,-0.5512098402993378,0.3497983623469441,0.3824895813625127
-0.48217611266550314,0.354705381453917,0.13528124186009308,0.40557507015296446,0.824807960000908
-0.015481577261223123,0.8408411016191055,-0.417467406023546,0.13906430177030416,-0.6514507761080327
0.016734395625287467,0.4912474377921541,-0.20735063804455023,-0.07051565187789867,0.2775435507343434
-0.36692670151778783,0.6987895109923987,1.2786949091490565,0.31031145610627736,-0.08090350799580077
0.46123778816952815,-0.6140795185688404,1.0242925554527815,-1.8032556347033177,0.6545401400863715
-0.8436064888913024,-1.112172313611141,-0.992677556164893,0.4855464904935216,-0.0733753364562471
-0.12942931164898225,1.077245756884881,0.6341001732518091,0.08971546067276967,-0.2774404969023239
0.07332498121232991,-0.28892972478292783,0.6200917277880748,-0.15854805045847475,0.4230450342591831
0.3775571721857144,-0.23511687324636388,-0.8770719160111295,1.457367822904654,0.6766983006095629
0.5297538852726621,0.9475652721687602,0.6257308179264468,-0.4807284262715942,-0.49185850573397755
-0.8876205051128654,0.3693686328353641,1.1751586372554506,-0.28714779561651355,-0.0324073329860384
-1.2036847857188344,0.29421288147025987,-0.8574232116108674,1.417984286953024,-0.7869989662770488
0.9666871226504391,1.574329742736494,-0.7007728588482229,-0.5926132919097044,-1.8761945344428919
0.2369782320394373,-0.529235811502324,0.77767638658961,-0.39184935351223754,0.1654664231007465
-0.5972726618705062,0.647702447493206,0.20761171701209427,-0.10482310936354865,0.4744904396563176
1.1777777736331747,-0.004541906250142114,0.4215148197987223,0.5985263030015714,0.21207750588433497
0.06975811475134307,0.15392964784686314,0.26039887994313987,0.14783749692637976,-1.4612080469502036
0.8907496141829593,1.0975695449219918,0.2986799809148224,-0.9205648990627782,-0.2516458887285574
0.03258722911096222,0.333121619100278,-1.0132219710884838,-0.37907011965112497,-1.6645676057188992
1.5711259051286883,0.3559362234485248,0.8003335044360564,-0.43260735804759304,1.0500972940737077
1.335387561105761,0.7560573446726926,0.8937485027504566,-0.05511784382625517,-0.8078912727749804
-0.21170013477835248,-0.3205918737231382,-0.1750610175740021,0.30309700357212105,0.9636214912286422
0.7304093960966189,-0.6758075580899175,-0.03302444189089542,0.29765831915605423,0.7294326540173921
0.4786252238459738,-0.8298004061760705,-1.1695616764769041,-1.2647675168464956,-0.6675717696754042
1.0368934799757061,-1.5200340382629924,0.3930778920646575,0.757463878365205,-0.8432467814545661
-0.7643365087443099,1.4928427603473584,0.4372386579428817,0.17971404688681397,0.27888656260759453
0.5100219334132401,-0.8735410456667617,-0.04732183187633565,0.9857456019039108,-0.6250015046201483
0.7974501096288009,-0.21296208025579647,0.8591880958175225,0.31616672359627573,0.09133998999014557
-1.3770691077946353,-0.25457595423080176,-0.2550406133910529,0.7840822768318385,-0.3514986203061119
-0.9328654872140625,0.18300142158457045,0.43154576250688387,0.3320792323832851,-1.3337965892742023
-1.5935764724513448,0.5637380166326076,-0.778823399399902,0.9584690265051833,-1.6737376151295944
-0.2274794837652901,0.5972452266808728,-0.01780206302486202,0.3717450530748405,0.185307581937991
0.5343291236525505,-0.483966010439094,-0.13301360487988256,-0.06985346346966971,-0.41106469580722665
1.1401138322686413,-0.1724175950769066,0.17232494031517367,1.6179901581700917,-0.40465798519417473
0.037663358406847335,0.1644063324307023,-0.2821238844968897,0.6329209300502903,0.54028194635161
1.2375705380300552,-0.23351260990724432,-0.10025237547595789,0.40841198317285515,0.9016107545941656
-1.0848050874544901,1.156648070602432,0.631284675958267,-0.9089433330405732,-0.19240170001377607
-1.3343399788510857,0.3204929746126636,-0.33349262279997094,-0.9174903941935074,-0.24389034263542608
-0.06240538638134608,0.503174777112191,-1.227219814954959,0.2083010676620335,0.39220246869038144
0.2769242540906308,0.44924980489594973,1.3368589748724102,0.10348914643007352,-1.0128358362750085
-0.04476559644849565,0.8316806802615092,1.0556108833430782,-0.4374267088785015,0.1826359327847817
-1.6153512142489024,0.08833968845371507,-0.9870862517457799,0.10025744002733249,0.4313504136327524
-0.08831928437818075,-1.0185639811086105,0.527122546499197,1.1310744550218919,0.5284537717593204
-1.0264261123390381,0.2521195433480759,-0.38407691356589374,0.49504044418781884,-1.4515169347643524
0.4973793405666539,-0.5351069247457952,0.20149359938474076,-0.8126038319154818,-0.5622285578532172
0.2634416280823774,-0.4431752207575423,0.2249763430081198,-0.07953297864687849,-0.6506794150451527
-0.7450057379925344,0.3919388303432632,-0.17889400636526426,-0.5733200118025082,0.08937461771880147
-0.4161739130513266,0.8802224040640166,-0.5985987965373618,-0.2761990300242555,0.3775258847446175
-0.83711734517178,-0.03131211766622452,-0.5273759758134203,-0.2946527320656521,1.1461906586862514
-0.06790998709470167,0.18406972305541036,-0.699771338042834,-0.3402462049573818,-0.36068196868405605
0.7177284258104806,1.2277046751820269,-0.6353135910673374,-0.8938695939960277,-0.36265440004128846
-0.7803936580357484,0.1330783245483815,-0.051132066554546225,-0.091029878979677,0.8836265278564015
0.3695355246724068,1.9014010957254193,-0.5466430314884898,-0.39932059314843354,0.23818736127983867
-0.4288256062887173,0.3763190263282798,0.5212736258642813,-2.0860897698925007,0.9728880731909392
-0.6315336612011042,-1.366045456793584,1.1364351404209603,1.4617184190964552,0.23224897232702085
-0.10214394505123182,0.5170040820359612,-0.44296421721056745,0.7751435067889462,-0.8616557624922294
-0.8186143988023743,0.2382410056775774,0.18309460776362801,-0.26808206294929177,-0.9948236482884841
-0.44688123717747863,0.918772896612012,0.3819468052372241,0.013268961485351284,-1.1600496845949886
-0.9441499289047628,0.45696450677822453,0.36079734870004565,-0.8344256650566304,0.5147002821254448
1.4970076044472846,-0.15094713040213473,0.05822076829189488,1.2073337493215097,0.9130764611241855
0.007690217582408983,-0.9642366535021817,0.5675947055184377,1.3508617444498996,1.4130017639071417
-0.5596348833529481,-0.20380160712616865,0.3686257274136314,0.11144471610069465,0.6516826903773419
0.1456382249699664,-0.6842792715824577,-0.9453721024116319,0.7286890808596175,0.8935881521132124
-0.10623313838494028,-0.48205308772896605,0.6642195077191609,0.1246841796600479,-0.42503019021339605
-0.19009163586121827,0.3935973923102924,0.6780743217238987,-0.9519670378056868,-0.8611255460491933
0.4545353541991599,1.2035043435834043,-0.5829525838099663,-0.2933765000585537,0.6569591160797845
0.5651777533834085,0.24836227253808535,0.02917576952916108,0.09380988026472394,0.32981272214549506
-0.42901358221530445,-0.9429538534739837,0.5222491874313416,-0.32379902089801443,0.09509245027291688
-0.4639930475980216,0.2857604044017547,-0.15972241606754295,-0.1558268084803262,0.30688117388572317
-0.23183665379611956,0.8490256096340206,0.819937789323338,-0.06521386840518349,0.25831899351199905
-1.796341471508214,-0.5039682487552269,1.8061702931294947,-0.057722188416792906,0.9851185377786321
-1.1890783717657814,-0.14762248208769566,-0.6002951382940668,0.037080022122428904,0.9935686305035276
1.0355370587297954,-0.03624303244816405,-1.0549148830335306,-0.7553513413878498,0.4255507188934396
1.2501924882422732,-0.6351286700575036,0.23230643481552365,-0.5106936450228845,0.6537236095717174
-0.21175562623381752,0.43831386464744987,0.5514592693801124,-0.9148391251349108,0.40273377188286796
0.4255050611037609,-0.1378338636700461,-0.17618838631662376,0.6961369549116152,-0.3351126035093484
0.22071941174274007,0.2669829523986395,1.110470510264999,-1.4994892486389766,0.5862073042445922
2.3570047329942967,-0.7119708772324769,-1.022491994029826,0.8213000609587571,-1.0412527998621852
0.8446510445673473,-0.374898123969877,0.5295755842920868,0.9870396732814929,0.8111604382614319
-0.11826643092121455,0.49381502515228903,-0.4626809908785337,-0.2153036952784417,-0.8899568337809419
-0.7570939210011561,-0.3264942643171664,1.313781846368008,-1.8537346476146086,0.23003617513731178
-1.259516697054228,1.2462414620879818,1.522456559359469,-0.2574080902073249,-0.6256294108029432
0.13752089775332219,-0.3465695803265921,-0.585527604945636,-0.045834733019071636,0.43248756979783765
-0.6033429059779,0.12104314628126837,-0.41966544904334163,-0.7197432083999799,-0.01186570606704056
-1.1173416673480068,0.6512606969655044,0.656909500625703,-0.3670004946715538,-1.1927672376637801
-0.5186073099147186,-1.1095920782514184,-0.2955729792987259,1.089467256601456,0.33209676134352684
-0.8543569379622378,-1.366079950091269,-0.034502206470383434,0.4733400361827927,-0.4234447235593724
1.2827457949723466,-1.1899520990439931,0.019588122054637443,-0.6584813195119182,0.6804642443308067
0.6609930925144311,0.8984237354995038,-1.4664225688747898,-1.1377261318630212,0.014804616508743592
-0.025683037963139352,-0.4605829420435947,-0.010380339449770064,-0.232989065775198,0.3129713105658338
1.1228136996007236,1.868831961416901,-0.5267546380667124,-0.152126563255162,-0.7106809406740452
0.04019013637690445,-0.469862570009144,-0.3765501080113601,0.3531947241950906,-0.43207846194641086
-0.6843391912076775,0.0909834465222101,1.1031142950938047,-0.3813118071771387,-0.33319761362428374
1.156143532973749,1.107786968564955,-0.9597691205422678,0.36408959737951024,0.6619700921254292
0.3964460675819311,1.4553074851154257,0.6214735076253243,1.377824337491765,1.2828804067407904
-0.8201611213331805,1.4968097680765469,-0.21293375108621626,0.5805584355656926,-0.5953794624044486
-0.1664481674754581,0.8578148645082827,-0.2135428343405083,-0.034373578654234654,0.8285290577538625
-0.6954033933471728,0.7197724629999651,0.60402906551125,-0.13054649707535604,-1.6277443419220223
-1.0868878366317418,0.3965548293548659,0.25998791218653455,-0.25410593946117144,-0.8897044833354142
0.6953710280699699,0.5357435081657486,0.4361351144936063,0.8405618287206347,-0.7115960314372319
1.4543159539604327,-0.46007929621641097,0.7398765225596584,-0.44681947558992585,-1.009486523905699
-1.0990587566173666,-0.660070603301791,-0.25292523695437147,0.03207008726483961,-1.1843180199960517
0.41501693461111533,-0.04977185370538834,-0.46755213537521584,0.03632481392263777,0.32627051091625
-0.5217486279433656,-0.17471169588386823,-0.8288542963341342,-0.35743446822783953,-0.14815884565016096
-0.3955325946164151,-0.38670957413174745,-0.6304151227913449,-0.9774163241426331,0.3008541528550835
-0.47678752561188825,0.47434573767126376,2.2532749277438326,0.22984746254397945,0.5362030794568564
-0.6864283436139833,0.6682736328247743,0.9511163168798673,-0.04357023093043138,0.21476352284811975
0.017923892747603854,0.018971838199247477,-1.0320178739909063,0.356072380349611,0.5114555462202602
-0.6609248457094161,1.0594170209111091,-1.0101551777612794,-0.38008961417754583,-0.03880548319499544
0.18923176026738686,-0.9023629021177629,0.36833320193780983,0.8691728818484804,-0.8842600861016094
-0.058307007870291444,-0.19229421189723594,0.41829728612178113,-0.6244514884163257,0.8141282411995003
-0.20396888248099293,-0.5841401481606964,0.41953421749492387,1.2189528057363623,-0.4319119385540448
-0.7200614912398726,-1.4452694603533165,-0.19459250043508303,-1.24456249411212,-0.6940567527424034
-0.46472872091153045,-0.10917175692629093,-0.0956544176260171,0.3094531862112306,-0.12080842308689682
0.5635440765166035,-0.1384325794864762,0.25068878193153316,0.3384061955350788,-0.6768176704040048
0.36712005162699124,1.086320638695225,0.06581311685753422,-0.5666198967189999,-0.30202005580852814
-0.7740867603427104,0.4252298731668227,-1.6953352431114521,0.30206470792507056,0.27410774702157475
0.0571437591410303,-0.8143543713802722,-0.17537340342763877,0.9109692345153825,0.27735184669496415
0.5604533804061572,1.341460129308844,-0.6502757750937883,-1.5786508833111619,-0.6654833778798466
-1.308113609270274,0.867302721967991,0.1340516331236669,0.3578556322197274,-0.35518907839558583
0.3998810589243159,0.3887433850404431,2.2809043607322295,-1.775502706585297,0.8266261399781467
-0.530996697195672,-0.21687967576661923,0.2809444849290396,-0.6877476881864114,0.389370634069544
0.4209059586251947,-0.7658588053494535,-0.23934246191785663,1.1599411754979096,1.5837652505458302
-0.608675386864839,-0.3260251123256259,0.7044401794037621,-0.414398143151318,0.9066692058234704
-1.4126857784471172,0.768221970597881,0.36896106970297216,-0.8360104494405497,0.8795568933094416
-1.2758004184226293,1.3642997626759414,0.32114024085346404,-0.14107598821787418,-1.036239273686549
0.017586826161579996,1.1086360101656128,0.4638203331559879,1.4723526235008209,0.5917271057420148
0.18094612472313015,-0.4133897746469093,1.5713735747320277,-1.304408535304596,-0.026378203634032347
-0.7175551606582702,-0.8858313417093152,-0.863797674077522,-0.7487325855550242,-0.40306309333768175
0.4733891668529607,0.058278573666656834,0.3620425066985799,1.0661374986578094,0.1409195507193274
-1.3020271478179646,-1.3717951902843806,-0.7075558122521232,1.322673683037054,0.7289347383909157
-0.07053492854679802,0.19480633105878928,0.4245985733841797,-0.07378119910232077,0.3927234214436097
-0.9542911566446002,-0.15779788226675548,-0.7016771884164621,-0.8824176854492661,-0.650838712951676
-0.5226698994141581,-0.3963030304893114,-0.3186731542340279,1.4922457043220534,0.5755350930920845
0.01705710231865337,-1.241667714689886,-0.2252546311979261,1.135215444099237,-0.46858771889254797
-0.6836670082138775,0.33743908388885463,0.7457073513230422,0.4833230654023318,0.17774087471207203
-0.3163607433103981,-0.4462342312478677,0.7018830552065601,-0.5786148343787931,-0.2157085709368358
0.7572105865021229,-0.923505301182302,-0.9515260196341244,-0.03504351341342336,-0.15178936090090928
-0.46482176280620985,-2.1985520746310643,0.04216078114969345,-0.11431825443279722,0.5935297635014624
0.6255269152722853,-0.06785290839506611,-0.5419214607976127,0.23545625808428186,-0.7731936201631324
-0.8915299062651318,1.2801617196668242,-0.9612955882699377,1.0330761389216536,1.4855075487373646
0.3894174102887657,1.1970290718701793,-0.16560761966586082,0.6260708054599063,-1.3640052645435188
1.093192313459896,-0.3896068388405405,-0.23548667449572636,-0.7672933936776289,-0.4383849419678173
-1.9273479226611867,-0.4982977307231015,1.8541825744282041,0.9800237328544396,0.2938984804325718
-0.634638498778781,0.3038647829312578,0.33096924855459126,0.22283905835734605,0.4558851078149636
0.42590270721171763,-0.7950292841753689,-1.0522966056146952,0.48910418576545056,-0.062216829625982004
-0.1762562513889302,0.17879597059056357,-0.4312910084553131,1.0441412192826784,-0.029619340233517234
0.26695186142193916,0.526545262149662,0.7805198323368223,-0.7916489931640376,0.32441776463759636
-0.4857346168176048,0.8717214343503664,1.5957443014725348,-0.025641574456422834,-0.1610221416553966
0.04730803412208336,-0.12225922474966801,-1.2114863336889825,-0.37856169674936524,1.0678620297724426
-0.13969361078247639,-0.19979485745667572,-1.4360548419859587,-1.1165494962147307,0.6488407911208646
0.8818612941575423,-0.7048482489226269,1.4295932454933562,0.24674866655839953,0.674167661972774
0.176853868032194,-0.6665729742340005,0.2978535379321805,1.7882604824336001,-0.7171783196621787
0.24106044783384595,-0.21687577579266343,-0.6631767644957418,-1.3103866764085572,-0.04626249208932892
-0.33744966731927123,0.2279102203345466,0.4086437089611609,-0.0231173265047058,-0.21352648918611475
-0.3959037467750175,0.6370251596322076,-2.013497529532653,0.4559768775907921,-0.7470215623500986
-0.35341313783320494,-0.648820761153203,0.002770440880772482,0.08750827087694556,0.28629653413908446
0.28494155968691454,1.0707706400693215,0.2506442020165076,-0.08068597261639712,-0.3929732376369149
-0.3444795973912209,-0.2503144029313318,0.7063261977442185,-0.9252581321155366,0.5096704995769205
0.20414300799890403,-0.06324838378241537,-0.7744164006900971,0.16562790056544316,-0.7958895461878503
1.5824362001244356,-0.6069016007252064,0.06565585309229989,-0.5389966883337454,1.3144024158292829
0.6528767080357387,-1.8629862410791596,-0.706825051297852,-1.5594983710955659,-0.6643504611787819
-0.2711809148478805,0.6149004484925431,0.1953026243393042,0.8504960690877545,0.17972253663272547
0.9076667580319128,0.5046473828326039,-0.6838454801662135,0.6823017212770326,0.6129107053429274
-0.3345152846091436,-0.25795710660479254,-0.3115940276646655,0.03665455347391224,-0.4179365205803877
-1.5927215026647144,0.002931252294501769,-0.7606030067761496,0.16298467572765293,0.6587668335851308
-0.7976531521586421,0.33919106450567177,0.49765419634735647,0.7648529964125907,-0.9161805768900558
-1.4635604070993344,-1.2175821513966432,0.6560410176565703,0.15961302483010323,1.1124524727326082
-0.29085615942928206,-0.44350177892013826,-0.17905656058213254,0.6435879740591333,0.02450674531707429
-0.005312274385819669,0.5476552145321013,0.029405088872971684,-0.21195813823561588,-0.4374344625989282
1.2744833168727308,-0.9866998778084324,-1.1065200790836016,0.9340864788416904,-0.2125549003262581
0.23282038094241694,0.17262877677269756,-0.22875885723298403,0.22828891021778594,0.6258180189301723
-0.18864893311214112,-1.0633162757732124,-0.03816432308807778,0.13804619959085568,-0.42838864132912574
0.6206744528871445,0.30210893562667823,2.0024554686487264,-0.904497676830887,-0.5531513653294746
-1.726265469605926,-0.0739396674242812,-0.8493418762675202,0.2041998373589985,-0.15380970521935647
0.16233762795964693,-1.2569687284445383,1.1188106821101447,-0.5925375371807603,-0.8766705708521875
0.5754881597287035,0.8251385883626171,0.7617833037540573,-0.45463031808778825,1.391198313148673
-1.1608237591454609,-0.5974492175639063,0.21459543571522352,-0.5807320030267958,-0.4147241813707546
0.8633144902163818,-0.6541187612218574,1.3437628460067415,-0.7593601724516283,0.6429906256609678
0.24175031417034581,0.1029807558664002,0.28447703470224256,1.5128442548411907,0.17228359848293706
-0.3400825177901647,0.813078280373366,0.29750593573650547,0.9478687302502155,-0.7310823345463576
0.4689040727839688,-0.808089031089781,-0.040392150056125536,1.3672953590471395,0.009296374705934857
1.7331786984952393,-0.0010465564406396224,0.934987920859445,-0.8709123623855173,0.6069665697037244
0.12085026016880387,0.27393665659011524,0.8378848579522904,0.05060588450147024,-0.12863413195830012
0.17206799893501526,0.4718876584795092,-0.4778206048528418,-0.9211931385223942,0.9164932930578265
-0.37410167860275334,0.08490929256093167,-1.0077021824781145,-0.4955115101750971,0.7866651130684381
-0.6755089866234858,-0.32214611868361814,-0.15488391812735852,-0.6538976628422976,0.7090390578464189
0.6213924851663738,-0.6671046601898178,-0.6110311544097842,0.8825331522042676,-0.33396792044869095
-0.6803251130799649,0.017276861947976545,-0.048340658682699655,-0.2822727761246523,-0.8031912634779647
0.03571162047697099,-0.8502702806643987,0.9455839129803165,0.7606242700019359,-0.4504297204385989
-0.3882244609222935,-2.235318903133578,-0.3491830373616598,0.4300420080484208,0.16227462384821625
0.35018698864740105,0.279736346060096,-0.03252512105022446,1.6402094618758445,0.4267358046894036
0.2380188015027481,0.6297975267568047,0.04452046377087373,-1.053592111348688,-1.6291773046027043
0.7813296992999811,-1.8170670374084705,0.6483856427839004,0.896524686633838,0.007663291164394373
-0.4132017657019092,-0.8035268219769706,-1.7164129775339458,0.8162091704032478,0.13340959822324103
-0.22784080256004047,0.4164985308202874,-0.4633223419612915,-0.693240583377528,-0.1961842744865962
-0.7750195577953286,1.4938077193329093,0.16161054669041147,0.7170131293669394,0.9907603783267449
-0.36247123327304803,-0.03167003880957487,0.9170418149004711,0.2392256877922839,0.33291420877173544
0.2717025038705236,-0.5925143678945874,-0.37561775185335017,-0.16210934691367493,1.005073510604539
0.5647770743356518,-0.1842327739673919,-1.433478907504143,-0.5868271801256528,-0.14959092735359872
-0.7313322568830347,0.9825300259911658,0.473645916525791,-0.5121842126691974,0.7230832761035058
0.6517043859554865,-0.5310678128668227,-0.4852199408380652,1.4594683439589469,1.250868759697351
1.0268638729467217,-0.6458345632943754,-0.9087037428376684,0.00035478346292375847,1.0062095545435066
0.29959401820537673,-0.40881649140370685,-0.47680304614497643,0.5567960943156416,-0.8124966158343747
1.4291365118491375,-0.7612819802172577,-0.14078423957455363,-0.5633033206108933,-0.17812596214846452
-0.6168033411218653,0.04463494749870046,-0.4618282569103583,-0.5554375388193101,-0.24734490984615426
-0.98025612464311,1.169630298611543,-1.6848423414314821,0.7703122550915709,0.38396439152814915
-1.392491906185597,0.1947400892133692,0.6855426142845518,-0.9611176252702531,0.5330866055608602
1.1352411390585808,-0.23625570815891014,0.9741853948563376,-0.2957906850136665,-0.620892215291914
0.48556422005402444,-0.2658093456845164,0.4979489057341581,0.024098305686736064,0.0651272399083892
-0.06243392442718105,-1.2180652165462602,-0.8689907045432497,0.07917312110450736,-1.5144456338983965
0.19657375145523387,0.6141996751503265,-0.15374625561307304,-0.1276575162622925,1.1047559628256733
-0.8882742551049311,-0.10554401200087164,-0.004790647784208664,0.2817180464981201,-0.37385318019794467
1.8683037491411825,-0.18242280893294902,0.4576654612995106,0.49322701451339,0.056067453622587644
0.08021445614450431,2.344374567101361,0.51079809632473,0.522978371119885,-0.22047479065536757
0.06491081718067426,0.17651978369057733,-0.5607110272549104,-0.7020879720492692,0.8808691953324423
0.5406773684335505,-0.610331522894812,0.06283549791839162,-0.20246837258288455,-2.1330139400988517
0.3517534513623072,-0.3665837612353957,0.3495499666223566,0.8506175768568607,0.00123447971398683
0.1532830356516572,0.8129347429557283,1.1124275960699284,0.6369156620753892,-0.06625929262915867
-0.6296823964083058,0.0375944730558413,0.5384286552930706,-0.9776968091693014,-0.3294129861152392
0.34438901841941877,-1.124506234076623,0.6030242571406584,0.2501451623489679,1.3198391866891253
1.4331724408071775,0.6412527137082351,0.06423442116116981,-1.4087567011710351,-0.6575387729295186
1.018976923454894,-0.547680433596875,1.0777705102900574,0.03328928028543047,0.5977312344502872
1.210223579954184,1.3558447196615466,0.31324691312819414,1.3512023408606695,0.28333723013908685
-0.41412746692545566,0.7617053063311955,-0.6576723412915471,-0.6750928047951712,0.9682484966594967
-0.7833876152621313,-0.38228589943108965,1.0723544401346334,-0.5942237986151545,-0.4909838098919939
-0.1166218032359918,0.9122293896238337,0.5333838146057882,0.5439075583466324,-0.5407518480945653
0.023483980972113277,0.0035789774415959457,-0.3382903248929297,-1.0987066314821436,0.8430719602512302
0.8250580509303107,0.5914781114091928,-0.36613701338812965,-0.45069423790876867,0.33559345429243814
-1.3259127140201006,0.3158176523429721,0.22677280515910248,0.42457352422896133,-1.1550752103404458
1.1611038360560784,-0.6811606102175605,0.35406087143777726,-0.4517842799291787,-0.3942286067927979
-0.14149260861766072,-0.5292594811693283,0.150921214368334,-0.16815743414799952,0.3061330421116037
-0.34903107060893257,0.7241902491841897,0.2380287913086431,0.5297772866282193,0.6476416846703732
-0.800754625204967,-0.2979891787945769,1.2989447234860465,0.30003685008803116,-0.5000942831104869
-1.2968837942104356,-0.34957475290225837,0.8188415412018802,0.1898606551594258,-2.1910815174512104
0.6158617684259182,-0.7626256541161731,0.14583557112059659,-0.24160858720193698,0.4096645720557658
0.037063749965169375,0.27002882835802966,0.7193449515709532,0.26337619806843626,-0.9094750314097454
-1.015227179128858,1.4975747477407662,-0.7886479988134423,-0.08823715842337455,-1.5124871871931358
-1.0191775745702716,-0.8468203402892523,0.3042045026871536,0.32585599544403643,-2.1290944377207217
-0.2787153877054319,-0.02910417276190569,1.382486421120842,-0.353979408676681,0.6296475439456142
1.268759201604281,1.0105005665654356,-0.16639364857108688,-0.1301324335549858,0.1111116876163988
-0.21990308537658315,-0.10689534297380981,-0.6473936125023841,-0.7050458792365016,-0.15692667242523692
-1.1797786487189157,0.2915794360490081,-0.49799884602722105,-0.025059127445363785,1.0647169842925523
-0.20921383650808692,-0.8429709700262756,-0.832278896885481,-0.577616885522319,0.4959920835019218
-0.2300396132870895,0.2735551166177765,-0.5993599174627068,-0.7934050887162983,1.2366704144623224
-2.101208362724353,-0.18741436932921512,-0.2828734899415011,0.18405216276719294,-1.0399215149342464
-0.061438347149774274,0.6910616211776367,-1.0736498026968175,0.15135315379974798,-0.012338872997683943
-0.19778339021405278,0.842100832603258,0.012123858042723727,0.5573256809681651,-1.2093798956384232
0.5178603254560097,1.892323681659288,0.6895237568228993,-0.30712092457000273,-0.1597456721545518
1.4076475245090865,0.3868974662326869,-0.6933265071734362,0.29042878637711633,-0.17429747140725976
0.8500465935355224,0.1967751389456159,1.1609117260392903,0.39207233172562694,0.4878882641179495
-0.22707953762928523,0.098348305042291,0.3904324432155496,0.3165765032380769,0.04827458098993858
-0.8736369426852648,-0.31176390125418735,0.7875464847165118,-0.5880506475094327,0.48546227423828575
1.9668019790689413,0.20627802268702322,-0.5023884859767178,0.10622510334842472,0.5460140587818171
0.02618056881765473,-0.2684983405521507,0.6530416710178891,0.2591601890042383,1.6441889022116802
-0.008777321732825768,0.07893188536262014,-0.834036736912706,0.004980108041465448,-0.22474718322811635
-0.03815082617828705,0.9396284758081449,0.6803331878321472,-1.4858394697932753,-0.698162288459438
0.13336903886876159,-0.8011389241112017,0.13147539303160755,0.11414764118798008,0.19998485700616883
-0.13095835421057558,0.8065179989475444,0.42287086266071056,1.5753348341104794,-0.5931916261820411
-0.46232868875965655,0.9392671098852069,-0.8979528123051114,-0.2565028466077618,1.1350312991624891
-0.44163987480609923,-0.13567704384987064,-0.6836342517047802,-0.5185697612165187,-0.20047697481531204
-0.04481076864292067,-1.6365013665654495,0.45646891958786073,0.2657170727119188,-0.4141051256485012
-0.4389890994292984,-0.5024995331739979,-0.7243383194803049,0.2223022113962887,-0.34278890936352513
-0.5697621921323327,0.9241969570025632,0.3540772948363319,0.8491737248580747,0.5573456559421184
0.06262252023210918,-0.06437245023692144,-1.0442902072853202,-0.8958155142184723,-0.10554742300464524
-0.2163415167119737,-0.7957159568728815,0.648189549414425,0.5206589663503626,-0.4716740405562509
1.1413765828087155,-0.42531788097982,-0.941445867445336,0.4202875496960229,1.2737823401841126
-2.0657659674373288,0.5823750993766443,0.42214409097768857,-0.1013490242881835,-0.6339638649722739
0.822985804139764,0.3622558536837779,0.47816835534330454,0.2410360101304149,0.040710387459096505
0.9423021007299267,-0.22620315550982684,-0.532136228736922,0.7329093752734319,0.5073268418679395
-1.6199424727859628,-0.3219937528441584,0.4448549859075369,0.6210139600264364,-1.2204424852283173
-0.28404361052795685,-0.34066897681626596,0.19916728166001302,-0.8140356541861465,0.37715963818926584
-0.30623775433254946,-0.7381242608878119,-0.4114790654324291,0.5838746400027693,-0.784477299246777
-1.1059625658956544,1.1626625788091944,-0.7703357166811674,-0.04619392983269496,0.6363069473938454
-0.6199120884992558,-0.2886605590224079,-1.4992379448410544,0.05175967792920254,-0.7145259500382073
-0.8767630174610263,0.8644002386865716,0.26732127856841964,0.051989598774144156,0.5379404607952006
1.3330175742194523,1.0922124580838992,-1.195304578541666,-0.10711422555248769,0.8504586223424336
0.7027045633449408,0.7004846438558585,0.07303374895879301,0.8484419580618948,0.6655518011067652
0.9619618695506474,-0.37052550525353267,-0.20108063984425675,-0.059744070360432715,0.20394409260071214
0.5375168498492391,0.25514708160630756,0.5190509525553688,-0.7973212179530549,-0.1611972650206497
-0.891024258903581,-0.06536677303032208,-0.23056863984921203,-0.2803503268539696,-0.4223089373843872
-0.42439704533131734,-0.7241118353413981,-0.2515037566150273,0.12711085347962336,1.1267647898423825
0.35821050175457525,0.19569880820425434,0.5593346468706595,0.8751495904085623,-0.5154261558647357
-0.962868011885476,-0.9303383416824708,0.2561730993385748,0.4293112834804108,-0.7708272891025002
0.5308218247403027,0.8423205402305948,0.2417320753309015,-0.6057679650357239,0.5172099513122099
-0.2050320356667551,-0.39524005453185224,0.35870807532410137,1.7694857204064558,-0.5885437534657563
-0.3088466716452259,0.10342300595038663,-1.1729726091168982,0.18840584529183366,-0.7050024220928824
0.5292483718751493,0.1649365611801385,0.5783717707989561,0.9080298781372383,-1.078408091847496
0.32338992318110127,-0.24116272221531707,0.4681125913288665,-0.10816199011024033,-0.35156084842540836
-0.29815251788656894,0.3921858356800456,-0.7765457799370052,0.37965510626558463,-0.04877934824326694
0.8753371449533449,-0.40294447775851844,-0.18628384748472504,0.5976248444549617,0.1977212388943357
-0.8539828250892391,0.6053521966577171,-0.02983885503832446,0.8673025807217316,0.7335459059291719
0.4559007422582862,-1.0553753463612008,-0.10256283023893605,0.7527837003940273,0.4124448246217023
0.4382753107475597,0.047413164296343895,0.2552577896497462,0.6209296657848405,-0.13060948867192548
-0.25846253728878316,1.405002123337155,1.093743768886257,-0.22449371088440936,-0.13615030818837418
0.23220723500328685,-0.7964867410202001,0.8266522668786321,-0.40725186333243624,0.3997792432448483
-0.9852416149288414,-0.5548714405363333,-1.002332848676319,0.23670679097815248,0.9766094526165875
0.6937110731599513,0.3376695816703879,0.4754478245713012,0.6643165593338607,0.10936908190971201
-0.16225179680409976,0.08726130404256689,1.0154854649329423,-0.15872307892117898,-0.3411358712323991
-0.4230097830057207,0.21537549755108415,0.2957100398167767,0.7583404150175291,-0.7373861655933416
0.7901826356005195,0.31915390672837307,0.8336914543116904,1.0342263430071024,-1.0796193865517616
-0.56319957706627,0.42815827861772404,1.5375492839574292,-0.6526116273519915,0.5178914356612336
-1.1066955466689234,0.7839143140460588,0.7822970682958322,-0.5960735005840738,0.4510916538377733
-1.2210637195359468,0.25970738252421466,0.19066125315317303,-0.10008761650267985,0.45062635501040677
0.44823930364501946,-0.22794498299712576,0.7986303895209759,0.21890883478571305,-0.08354022123581506
-1.007869945807627,0.45650938041678707,0.11088466851840835,-0.37365732121152323,1.0782677160890972
1.3349656035326736,1.3757560996866574,0.01845330631870588,0.9627249848813935,-0.3524752990817032
-1.6265337118294652,-0.1465863083471806,-0.26828593924150124,0.30183180825780925,0.7365442479644635
1.2899356733673337,-0.7771611783582731,1.1946262434929886,0.027957440478747375,-0.015510683485867665
0.14335156702207283,0.781952568970687,-0.625081037369269,-1.022592568871292,-0.44646760394761664
-0.09418024310033675,-0.13740919546614583,1.1709076400250005,-0.9370780242113037,0.46210131893351647
-0.4401425353611129,-1.6745612412312239,0.38208356999831655,0.19996546783314323,0.3237262709432503
0.288557035096751,0.5874694960980152,-1.068866570232982,-1.5186784677699876,0.2838819492559295
-0.04857866012790314,-0.4482020983190851,0.28107255094273803,0.7209323880942708,0.0752956763559733
0.832090179977648,-0.11505330594289857,-1.6042110130096692,-0.11274727016990775,-0.014867727286588138
0.06864121204656502,0.20140692940645757,0.4780744479301325,2.309162076874532,1.8208086746870396
0.09648618389732305,0.09543874593917964,0.6765009923703477,1.6432553195254556,0.9097927464888712
-0.3001949544611607,0.484130874477259,-0.452363387483191,-0.129334988131174,0.5606817971115097
-0.06348441991440157,-0.37342116006884973,0.09458098316617683,-0.07585030254212174,0.0983872155711559
0.21805766363742368,0.33706884978084406,1.4931514314301813,0.7087874790838322,0.7758019164435406
-1.3395779365995815,-0.24164335468407433,-0.3861946476149069,1.2126384439850222,0.4057088345907755
-1.060169661713629,0.5061203426418509,-0.8088049112007579,-1.166514846301202,0.03362774974306486
0.5541833572229713,0.41366225690712194,1.1321699641644396,-1.2721471545663128,-0.21587067522252268
0.11235892347353311,-0.7478825446525704,1.4995916947347327,-0.44306073968622944,-0.04741924532948698
-0.16154259120857722,0.7661498755664871,0.0030150444404095466,0.4148157006061919,-2.384895772401881
-0.005300268623200387,-0.4486779037303096,0.7729408370883655,0.35367494317599524,0.17313911154480482
0.24876309546238246,0.5579861800776765,1.0250679028177712,0.7616155510669332,-0.3557721840769177
-0.436160080420508,0.227851653922227,-0.5670601287749519,-0.8543942371759762,1.2187922710522507
-0.6202887962840594,1.3295444636964535,-0.37057799564269434,-1.649376771858941,0.028437058869459325
0.13164040391406154,-0.21461912410193262,0.9405693613175065,0.6108305846770746,-0.8857505826992412
-0.7747177995144371,-0.3088806506507378,1.2875283238816404,-0.5898611373734466,-0.02393696963138515
0.2955940098802487,-0.06178957646856331,0.4302278268013983,-1.4374263064575468,-0.7776781773630194
-1.333723372103792,-0.27432429640013756,-0.67197918654621,0.10316341093591577,0.3719746945407139
0.7748580005554502,0.5519074209861631,1.5182895647356016,0.5646613429422461,0.2339281084045088
0.3452605703195255,-1.2578516371851025,-0.40546571940700776,-0.08704405908878989,0.7384889701126647
0.17809574264757552,-0.8364464001178318,-0.25585086482046754,-0.32614931117665,-0.5845678892088478
0.7389927535678443,-0.847022574203112,0.26173480946119015,-0.11360772099978744,0.039531644410321164
1.2660212724326592,0.664530447099474,1.1875570765682524,-0.26401050106599266,-1.0189537555014234
0.7634452778924022,1.2339950488021802,0.6526220482428859,-0.9600288067152103,0.5445422347198776
-1.4404674697346003,-0.1254762611361128,0.31714533638908965,-0.5090306366883063,0.4063719089793035
-1.0072120042626451,-0.1736908922194545,0.3541401239913939,0.3710538293499665,0.388920392670853
-0.501815544118819,0.0052242574351774144,0.033436423201870555,0.2289246529870803,0.015026555214252982
0.0006101251418738093,0.8229956771903164,0.4266054785846431,0.11953810401861253,0.32761267702223
0.38004277731891845,-0.741826501419746,-1.9323710490874395,-0.7087419882295207,1.2276209477416176
-0.5797179545244835,0.13129257506520953,-0.22641402269026956,-0.12937350579207452,-0.20189649377937388
0.12463287701573682,0.6831729404602943,0.18455951150960484,-1.5503435925151048,0.11869852286630274
-0.6025958682345328,0.328072210186868,-0.8791735001612835,0.12695558558925849,-0.8079455328482681
-0.49154891055602995,0.0947511219638597,0.29533934889774993,1.0173083601133628,-0.6431118288980492
-1.1053060043922096,0.702533288546225,-0.15602271145793628,-1.0498095563665435,0.0878057161246749
-0.7321565670008179,-2.0719496487591402,1.3413602560354427,-0.4173501088964403,0.849021473809851
-1.0628706197910873,0.4604802616683002,1.201965426640945,0.23421404197129167,-0.18009667512507263
-0.7727884605016332,-0.5371432821240979,-0.355679956182371,0.8919741592244655,-0.164689349662279
0.7937584353278612,-1.4183777830120845,-0.11504716120162532,-0.31929655996314493,-0.2940417601805535
-0.7523533654381613,0.3356433650752775,-0.05630373616689639,-0.4930587676112288,-0.390787397035126
2.0123602224994004,0.9816178454690518,-0.34487246009964867,-1.4021329949177768,0.23697267663551058
0.36125429612989945,-0.15019254172186736,0.14918903028644448,0.07352325967425916,-1.1190014507953874
0.12314264942420326,0.6664530816164816,-0.5791295429206059,1.4539597682824867,0.9829416277191388
-0.682080338303513,1.1603426206693237,-0.8635890276769674,0.19736586867643646,-0.4896470851494635
0.5210277560463865,0.9376188629983351,0.4759377216459183,-0.015995512938602616,0.5599831590553392
-0.46385378889720075,1.181079476691902,0.48114689160412655,0.22921216310156245,-0.947060604132348
0.07464812880556823,0.5086047639519002,-0.6142988956283892,-0.008029657659941018,0.5198362066860788
1.956555036011459,0.009254951459321911,0.6842356033491983,-0.5790506348622492,0.5221850084396602
-0.09367604015814116,-1.2471074681202683,-0.4823284926782809,0.5860975143983049,0.3044832460228911
0.8675747275454829,-0.2315437753141214,0.19360769551800897,0.16062548630441456,-0.738568345740425
-0.5622985854644668,-0.6788311936340151,0.6269275105639247,0.01241035488047759,0.20260610285368755
-0.04653609578122084,1.578779047215089,-0.0254881346045753,-0.6946555916039528,-0.881281255898181
1.3473207029863905,-0.17898185392114627,0.3476098157236986,0.9280511522553063,-0.17743533413703053
-0.5034739180341544,0.045035277987337786,-0.39435632366881024,0.47318023667876047,0.7926404026917971
1.3794680001973005,0.3658149300810256,-0.1499072356650434,-0.3938470910688319,0.6165745577642062
0.526772147939707,-0.014586426362144278,-0.15708329214532,0.7132331437340566,0.025288810537793503
-0.4536872872816296,1.2223389526549944,-0.5701879974498537,-0.35443428534619065,-0.7237226706390559
0.46861529070761015,-0.5136051504256772,-0.13486239211648035,-0.5569688679007977,0.502243769593604
0.7311685413873009,0.09851544583392824,-1.1829397776288604,-0.5410895478503438,0.028465178787920813
0.4604350535558016,-0.6033505493431542,-0.37504575107010457,-1.2612476356779385,-1.7417149694866134
-1.2315578821498099,-1.0359335779336112,-0.21745089953546126,0.3356374710832581,0.605927813700135
-0.5807934666120126,-0.5054558909406429,-0.19552759477571915,-1.3040258936573943,-0.004532585062950285
-0.21058436882725629,-0.07498475004650144,-0.18431043596050628,-0.8748634778678559,0.9235585148416459
-0.07698294865746695,-0.3687892706915415,-0.04699574717059601,-1.4780853299586232,-0.8148639146947949
0.45955675587499706,-0.5658636860665842,0.36648087098772764,-0.06141865744709176,-2.3896456731868465
0.11763517392365787,-1.100567994743142,0.6683152740886751,-0.10716939028951872,0.22495235458992865
-1.0502578712069968,-0.10948999465448771,-0.49622358799109545,-0.23276041850348755,0.23439440124085234
0.27393892341371107,-1.174271201509811,-0.9190437550170447,-0.7425146781070161,-1.2653356197504693
0.4517712783358612,0.5220330855282707,-0.7959215874255446,-0.8348382399658574,-0.726516717278877
0.4125632835949482,0.01450249006680516,-0.3720273532642379,0.3305301717300015,2.098358763938194
0.8147064962483302,-1.1389419891683759,-0.26867334570457474,-0.39216027588864877,-0.21741886724097167
0.62416071626165,-0.27884020265338355,-0.58807893837633,0.22513630981046134,0.5668344100573084
0.3349039132879683,-0.6106051720330583,-0.9900306517685822,-0.6304861729144673,-0.4784780173115056
-0.07368877263015584,0.19181544469452136,-0.348280894993801,0.128797042257364,-1.5676907506065192
-1.3015955661883971,0.9567451726152081,0.13879999458843234,0.9278874523075202,-0.11501326065141808
0.312085634518581,-1.4517376636355963,0.4547890912273295,0.4172568146388767,-0.1871508764141605
0.14078136849816864,0.03890945861956784,-0.4256749436488398,-0.29379693839854576,-0.2887403628203203
0.19009782110317638,-0.1671829360333173,-0.3153352814909587,0.18301099711627952,-0.07293394684833406
-1.0050288191664787,0.45558540266189296,-0.7077981342387951,-0.17150071344425583,0.21374310001563976
-0.8539775861756428,0.11243862814909096,-0.023827679610745212,0.005479776827578135,-0.09977465324653813
0.7933810286317422,-0.6104650548075933,-0.6480007608774558,-0.23198771313854638,-0.9425268203175989
-0.05006102273945566,-0.2862139444214968,0.4380564127900768,-0.11714880232702515,0.3816418688209252
0.5065092799512303,-0.6434631354986059,-1.364195402397888,0.15089285865884972,-1.4610643241734824
0.0023293587617999323,0.7586786754553786,-0.27456246383609445,-0.7074675466351771,-1.5374686181517532
0.0034391429623574373,-0.03128210401962636,0.23023505771160704,-0.7235033446966883,0.5730546896699181
0.7047156355859341,1.3767363464570608,0.14063960704662803,-0.9888641999086325,0.39740568639098545
-0.4178549268854101,-0.09267900101960706,2.0576466589982174,-1.13962872361334,-0.029622867488865848
0.0546648369053205,-0.5778369474567865,0.2674358599403556,-0.866916019639764,-1.0419741554111173
-0.37635124423188593,-1.1810076690470006,-0.7668976878700993,0.11341626683938962,-0.521793365985786
-0.3549090764515866,-1.3977855209010852,-0.07274229991005712,-0.6358543106327698,-0.18498869751404914
-0.25817360948521056,-1.2337530001604338,-1.3568456822130202,0.3655955360545065,-1.193628239570848
0.15193204648350186,0.1528319011216092,-0.061385948574541056,0.024587022834928,-0.545336572381258
-0.38906671959398115,0.3337876748595354,-0.6362562411538966,-1.4018346901892076,0.5073451410677016
0.9497669235174736,-1.2315470318242876,0.699542056325452,0.46625386417347414,1.0936798257870446
-0.7100607054537805,0.6231340798390673,-0.4196525671419415,0.5772100368532687,-0.30353653312036305
-0.16377202509861552,-0.40905431915098894,-0.0890165957012803,-0.7078264098528279,0.5861495612055319
-0.3589497501126091,0.06270270630671386,-0.48536926496492105,0.29907232889324525,-1.434348023856248
1.0973676287664573,1.160299456334773,1.3286593951126302,-0.6100139801324849,0.5127327112961086
0.13218807098787114,0.6244830196904194,-0.24523519014615083,0.06941624404146643,-0.5944539036457034
0.7769335167267409,-0.24837229613311174,1.4002497556555384,-0.9005366849714461,0.24633478450174273
-1.1662069650536953,-0.7147421913459101,0.622196683249603,-1.2769400560102395,-0.17364420881114812
0.18660229671427508,-1.6589416083155843,0.3684865087819603,-0.27272221040130173,1.0128074021200195
0.6671612344219008,-0.585886052566179,0.2819006065350402,-0.0882344996967455,-0.6477835058965061
0.043984464384720645,-0.2053797240299512,0.301049407087158,-0.283305281648655,0.48863929627214203
0.8028964253799377,-0.7866361213221008,-1.4725340609022306,-0.8432383336194411,-0.1976696079585751
-0.41881493388584334,-0.14555510867704471,-0.21287298611261724,-0.2848856166401218,-0.10596997192383174
1.0683213521634065,0.010317207998382358,0.645885166281885,0.19162398218686436,-0.1252995263443541
1.7549498460495956,-0.21566022558439701,-0.0371654548350491,-0.03209819067382932,-0.6260221890678173
-0.2995977862925536,-0.53409255221992,-1.0733616461734585,0.12982119690570834,0.0031345501051217232
-0.36340464077588003,0.07907696231168668,-0.03984497741359856,-0.47729711363573457,-0.03359710172508174
1.1023127648024225,0.28376656793578564,1.3021138688521177,0.8342080729356391,0.1963204369741936
1.199714802100978,-0.8639469633464004,0.9528063692662881,-0.8376434798379248,0.07773696791045107
-0.42311553601188995,1.0095357304914891,-0.04717895961683393,0.3470432714328073,0.6175525369310056
-0.34386389482146723,-0.12108634166705558,0.7270908302927847,0.8414520387003805,0.7125146300196665
-0.23703366967415865,-0.03312614695053759,-0.2798166998201989,0.3423064685056973,-0.7810845033546502
-1.0572867496867617,0.4832040736657837,-1.301551984293078,-0.1443418736940168,0.6711020916569845
-0.7286203425660455,0.12743311932310036,-0.7060926599793486,-0.37631334767168356,-0.8837630389417838
-0.7946076561590786,0.6666493830361245,1.1942254608961742,0.7376304879231854,0.4585647222641825
-0.6121785044424355,0.16780992278591197,-0.2091368286158239,-1.0133822918818158,0.48268685197877614
-0.04630174989158835,-0.5059564315662299,-0.1857517316961377,-0.6909231120336286,-1.4322725751051244
0.16125712727302313,0.22351963024841096,-0.22888227875154127,-0.2832184608806752,0.08414834772897385
1.1772749056131464,-0.9038886730510409,1.4549359270442832,0.8811586891969272,-0.340655635658764
-0.7901409843425933,0.034066182624518986,1.2424105228109816,0.27028787330714815,-0.5602689930361107
0.740252013690099,-0.07213347422054227,1.6953210255022306,-0.689443083273389,1.0358365871851283
-0.18470331387756017,-0.20312271879488455,-0.12131762130325328,-0.22109073312062266,-0.48076238523823606
-0.05770926231629536,-0.1435182522306062,0.22604620607063838,-0.4375695342583002,-0.5962912818470026
0.501352175411389,-1.4567383800647082,-1.1585105739003334,-0.5055474384132292,0.07107129611433818
-0.8861384367090936,-0.45823616491591374,1.1285570659976905,0.6969017192068087,0.5325087191417369
0.2756462463162149,0.022295885474629757,-0.8919821764838863,-0.9769019150140414,-0.0933676128930588
0.10895242908702464,0.0724871018552885,0.16580629032895453,1.145425364709925,0.896260387156491
0.3605853544026233,-0.8169671001955044,-0.8381383229838043,0.5896220763603589,0.41552998132861385
0.20367508287773348,0.9007633966477553,-0.449697722329304,0.7766331587663043,-1.6342009664239165
1.8756738057823545,-0.696004321522149,-0.6394698755609116,-0.32977452449987876,-0.386785282412878
-0.5117893500945971,0.6788733923796785,-0.46422000603804425,-0.106898989817423,-0.4112798331127425
-0.42939628720185474,0.2727216843316402,-0.41169363014569016,-1.0206289001340534,0.37647905344598975
-0.5005202859190677,-0.5312648962430975,-0.41868116736406613,-0.37372524745650104,-1.9720962855825117
-0.4482920944439021,1.2824531145085638,0.6368516843116134,0.35138298853244454,1.9423448033385904
-0.5115169860381401,-0.9412714400771378,-0.8439143022068335,0.9227499196196975,0.4155681381403618
0.8982518068589631,0.6411967181807022,0.16868337819025317,-0.7884992208555297,0.12643961594215095
1.0769330954647067,0.7021859241286206,0.9307021342185813,-0.2603954705787423,0.9077583426002457
-0.46007810118453346,-0.5495350357057882,-0.39188612541172513,-0.10786633115469714,1.786975740203175
-0.6620096929592018,0.9957039953608234,-0.5482924141874176,-0.9940242857127097,0.6725956999145933
0.34434826245144157,-0.23452778793668658,-0.17592729321028847,0.42094776262938777,0.7316596270216545
-0.44578033139884354,0.1689854422398987,0.9014917225082926,-0.5156597174622937,0.11267976660828649
0.4690198178190536,0.1477351363844499,0.14848818025024804,-0.13926208923898054,-0.09327467952529256
0.13710360655106832,-0.14784086991300743,-0.4056516725124388,-0.32194882865310237,-0.34617820166147023
-1.1895052634733245,0.5600462697431834,0.3698692753878991,-0.5621918752337979,-0.6112225393914883
1.174962892909743,0.5470740257080969,-0.8419503523955646,-0.005147916818560564,-0.5059831240404148
1.3666772262098135,-1.3568846693726004,0.5207445194611217,-0.1536594965683126,-1.00800912087212
-0.4925298862115858,0.9296988407631565,0.3123641298144095,-0.26491846950220416,-0.04360160159841193
-0.3187890973843042,-1.2924412215473742,-0.23497150173511672,-0.5188435672344047,-1.2607930437086403
0.20112535996688863,0.7261266888106719,-0.6404809171260089,0.22739095678443821,0.15824624876754617
0.2386322046161287,0.7966511808669422,-0.6772251873624252,1.1773518120057849,-0.013685582729092224
0.4887896203408435,-0.8643719072686654,0.4087875305491247,0.09947739630752765,0.12497070146743319
1.532112356231701,-0.35494191387867535,0.9391223530934064,0.7091696451010042,-0.3812354317950114
-0.15611154279459405,-0.875410761898877,-0.48670617814908973,-0.9900600217131006,2.341708835390294
-0.6357206694297821,-0.20821900475694044,0.35039516970810025,0.11220499593532676,1.0428452673466613
-1.0842012977499222,-0.2779602896400757,-1.594279512672988,-0.7815291726091028,-0.9278008960294709
-0.583721111573346,0.536716793218722,-0.4464514486486155,-1.0517982087258329,0.18998618334907652
-0.045099223137829304,0.9341692149308202,-0.023537181354747944,-0.5266120455592264,-0.4462068682159574
1.3656584884588872,0.9981146411499148,-0.6947988999114771,0.8485785587236974,-0.7537387918988356
-0.4190641352890561,-0.46830498263320497,-0.7152914141543874,0.6763417421976358,-1.0000771617533122
0.15320887887397688,-0.20395036969685737,-0.5099863843602633,0.1729037674690301,0.3408103990279238
-0.032205640670568,-1.3081298064927729,0.22342436996278212,-1.091514093145191,-0.5017206250820834
0.897770725256764,-0.650836391226381,-0.14292621281531953,-0.13989604099856226,0.7460445278340625
1.9309655047717356,0.6754238491976826,-1.7097982614256144,0.21469863612109816,0.7656825990797185
-0.4292973457124031,1.1628177210278725,-1.620005503957027,0.12486180477254576,1.0532849977866467
-0.3973187757821297,-0.97176452102524,-0.4634483112571819,-1.3130325958721762,-0.631101646486674
0.7864402806405622,-0.4909966843882255,0.34986028582613177,-0.6340957464762386,0.3734562360062618
0.5068109256039944,-0.06702216293398454,-2.0988790171338145,-0.045758971322785516,0.4923071604094559
1.4059117391917992,0.16259467155774157,-0.38159807072443264,0.38174264263042534,-0.34495459984310745
0.431194777653637,-0.6536327260986514,-0.40185735556839036,-1.5639175301467474,-0.5701096701788411
-0.2968603288755373,0.27037484784159466,1.0608699718979915,-0.11557426220084582,1.2315412377659674
0.43638695665233346,-0.4021473161028352,-0.29396184473886516,0.10172861667658081,0.18592164714570555
0.8362596558941279,-0.058069071475928866,0.2927919464662123,0.6048476659817635,0.49496544851092966
0.6137866377160442,0.36191931547252804,0.10811084958536696,0.49322831646729787,-0.6081689764835037
0.37202678706976267,-0.04243416207171466,-1.6275432949623752,0.41469730954495976,-0.9086910400386206
0.8038182957106302,-0.3740948952776894,0.5870954367907099,-0.5697411907291828,-0.4170356880172236
0.8830295603508531,-0.12934150953706974,0.1647527013777639,-1.358753269711117,-0.08003113417159106
1.0473350674723882,-0.11342774658170324,0.38850454950852126,-0.28001060134484224,-0.7913715548568967
0.4811986318297661,-0.3243805112180083,2.9998041788943857,0.7130956948838291,0.006353182795938695
-0.1485245973308325,-0.241081148482914,-1.5920531807389406,0.9920989889776796,-1.2636965235207227
0.09371661202391675,1.1501330155304554,1.3178453217241575,0.5058258300549076,-0.8336097548664091
0.91175390943427,0.37288099499126315,-0.21941590579780876,0.3055872123277175,0.5214031838410884
-0.6501073422965117,-0.2685574421023042,0.219708449379419,0.27019673775752906,0.47062063012857586
0.265043332465472,0.474770385202803,-0.03457939053088416,-0.3961242109236042,-0.2826865660452995
-0.32314039314657184,-0.2972732584407949,-0.32392140959826066,-0.09274283149169328,-0.7562238585180003
0.002658525533801708,0.8314191165912298,-0.4351559839086742,1.1883548260524524,-0.7635167673110131
0.9672853629131776,0.2296154444263294,0.25193348575347047,-0.6712941426289497,-0.2686076344480676
0.1279769057620084,-0.1276130856954559,-1.1589163659342288,1.1496962852207286,0.5014348130974785
0.01631445640901746,0.28809296519952726,0.573627755483905,-0.22943645655580902,0.7160986313837688
-1.0691780839119385,-1.2238214939728145,-0.3177774438294624,0.9436625949100377,-0.3618669742228835
0.5564908779727111,-0.8911866767479332,-0.8631718914021584,-1.001875378923929,-0.8589137516799855
0.47870876587637373,-0.9414872812061158,-0.343614457666944,0.4170705389433886,0.21644816941159725
1.6502490961119403,0.059819140729229274,0.9606430140376891,-0.5247597707516987,-0.6092728032107841
-0.25709769150778417,1.2503992397989578,-0.40879992326580566,-1.0078938835317002,-0.3783006896402275
0.14962917866752484,1.6239864097896473,0.2740471327248892,0.15547904912349875,1.0164859806945785
0.17296577332610027,0.4306521542525135,-0.5582528666870703,0.7186782596452221,0.6395849648217723
1.1980792868066548,0.3278851900895299,0.5792375031030741,-0.6017847863677966,0.133322656686528
-0.09308603848242619,-1.3962261583908833,0.5239137310409274,-1.0675284635579287,-0.9485135532869451
0.19584270123408312,-0.4537039202599876,1.4125131881155555,-0.06553088467358359,0.17374114775465363
0.4496955048002355,-0.6372898469335629,-0.13393779603269812,-0.062391079250258184,0.8177924668322265
0.12451119645875873,-0.5122556400700157,0.5110382311364488,0.39030787362980185,-0.2703972762302305
-0.3641233351673195,-0.17318314561821768,0.07511435789607225,0.676041779548445,1.036034630404923
0.13028554795950337,-0.4008374980265901,0.9902267281262204,-0.04243890851437025,0.9918736560935014
0.8091883279127877,-1.529728435411329,-0.5489903181088155,1.3211078312892897,1.2725573639687564
-0.8118781635592304,0.5129360212926265,0.5693693773994063,0.15953832047745478,0.2447440714164242
0.08310785118325367,-0.8507226834485562,-0.14855551503494635,-0.24680967256107378,0.45821352421268363
-0.5599400138175896,0.13195010310338062,-0.04884764540802003,-1.147672392919505,1.083754882825185
0.9029063330814493,1.5062314355587698,0.07028970890263238,-0.18716212073242663,0.35229327993385207
-1.1952502217276637,-0.7358581094175272,0.19290112430286213,-0.23966085126787934,-0.3654247198171093
-0.4509510193584474,-1.9424150230591544,-0.08860642949280924,0.6836681575369133,-0.32555928043895604
0.2716341012134301,-0.2614599012748529,0.1642306488966837,0.32918704631847956,0.19428878262539415
1.1888713085806215,0.777367949937192,1.2058605096885162,-0.8399190870415459,-0.9626181341747243
-0.07028056430139407,1.4195464331618652,0.7530668565616017,0.1225249186017425,-0.09458596435252083
-0.44807782571125004,-0.9681698901827279,0.6642183832057609,0.47804252119337737,0.8434330108746595
1.4325028891680094,0.3247804207019711,-0.34783678557322834,1.0879264619053044,-1.6440687535119334
-1.1372255046080726,-0.39575922694669874,-0.6791809339811117,0.6318292238898378,1.1747681660264004
-1.7167486598071278,-0.12659910509447195,0.7300331767332252,0.5416409643330738,0.862973414504127
0.32011030192893164,1.9333533616695555,0.6694839660826151,0.04265371507196466,-0.33404951329509625
-0.40705590353994925,-1.1729604275207155,1.1252995965658639,0.2763720210341611,0.4249231129044221
-0.8078007085927135,0.14280512393842656,-0.46124453786754305,0.8895974753377135,0.016183143740049838
0.5272387599772537,0.3030550570795414,-0.17518166047364678,-0.949155775088466,0.9443942075616886
0.1686563772316447,0.7660032290712347,-1.2523605334838552,-0.24895499756943443,0.7572852049417249
-0.4549314496249936,0.026144406544777784,-0.2996530429885243,-0.5502507156065045,-1.0454712577606515
-1.0077734961521665,0.1834836552644334,0.761563073332536,0.2698502969388425,0.45811570807161484
0.6539053376682588,-0.34058690081956144,-0.3562069653066481,0.8758669186911577,-0.14177338398534334
0.4823497325810731,0.154330106857029,0.48951276072484595,-0.4252160174052906,0.07647152218030549
-0.096081197891983,-0.3042934203745903,-0.1453511890480653,-1.7021838831493892,-0.5371225099798904
1.4058574529449346,0.4183093207494583,0.2477684271738601,-0.2936594577057383,1.3364163658844024
-0.8455086671431947,-0.3240803938665922,-0.876634990031714,0.6503213884028948,0.8006970665276892
-1.1970550881490776,0.23520159406659819,0.06529088531694185,0.3826960931994773,-0.545898341441254
-0.5536007406600109,-0.0691620817824785,-2.285011150656678,0.30476507970521366,-0.9959450984093996
-0.05471613920615437,0.7961606750254513,-0.14259551122801087,-0.19950490262150072,-0.2779926093756048
0.16830033533379682,-0.08573800441118141,-1.245476267274846,-0.9108846502929473,0.3425399191463008
-0.20573495783708132,-1.3752353974148186,0.9215612530952363,0.36679170397328253,0.1955378218023661
0.25221625881265086,0.8979274499262808,0.5941242634431917,-0.5941944362830168,0.9619034489932364
-0.9855703193439066,-0.7256326231754783,0.3567242887642479,1.5550877555285942,0.6114432414871341
1.0948873543532,-0.5369115849112263,1.1622275514459515,0.4061068768386252,0.7473632572563574
-0.08294014330821024,-0.49339124490195346,-0.7247726613832142,-0.4135908529239347,0.2610955995060378
0.8428918630034894,0.9822017223869003,1.3351623739382226,-0.43547756037750796,-1.0373213266141854
0.24501455755776216,-1.646851952995236,0.7123780996304496,-0.06631375921248027,-0.13426100490317344
0.3330306627706404,2.302910972904422,-0.18053466830321627,-0.17067240186402866,0.8158498956727275
0.42026422460289725,0.7437359948249632,0.8677958265952684,0.7951269897417618,-0.025179868531863478
0.3260492497986265,0.11996024179616216,-0.8450073597603461,0.13260903107608185,0.39443237930518665
0.4765772734663948,-0.08835969151961122,-0.6297303048310576,-0.521100897256631,-0.22735865829017304
1.0064203145580124,0.16663393426223785,-0.46476584942978794,1.3459855154056701,-0.7653388493445114
0.1321621304834837,0.3430732591147333,-0.4039429391979266,0.03497931670671105,-0.07951868131064817
0.5277384073803749,0.4360183114244728,-0.8070095735162233,0.5473325165555525,0.247622361220874
-0.08879449744742894,0.3689001044739779,0.9346167620370831,-0.43322833172302655,-0.4822820463780615
1.0920719993610584,0.019851003790727254,-0.1975710032638801,0.25843055840296864,-0.1645340344683547
-0.5416243929493132,-0.19504973228087719,0.26950241425248805,0.22139915660450604,-0.696982425002044
1.3705850812782445,-0.16054721320762272,-0.4355520663153869,-1.3456848482329709,0.8606058313757147
-0.05052631095535838,-0.19322957160782991,-1.3907340321189534,1.4348757600763067,-0.20897926714135484
-1.1239191800418227,0.8019427947906318,0.2065131334423706,0.9188915227476863,1.1129350575742505
0.07935244333089249,0.39732612339421186,-1.4607551411311135,-0.28296037333035196,1.170429716027888
-0.5452208672717795,-2.2495783674826706,-0.052244251926422895,-0.7850193040688571,-0.04751656266691911
0.6293488421627111,0.44402145693879463,-1.045189602920018,0.24735508702200107,-0.7491758305901032
-0.5232780435386635,0.09861187095582519,1.5184537370028337,0.06160298283147688,-1.5643579765396858
-0.3639302246037927,-0.06125715437657102,0.6964650394018624,0.2531280376216015,-1.0999199375558226
-1.4780322830216972,-0.3382424634138039,0.08098658959521804,0.13628416059924414,-1.0256215637310935
-0.36865637241556004,0.7947094757506784,0.9656528589489929,0.3603451414732796,1.056731426946957
-1.8904788271164827,0.6624473970384115,-0.6463867089023028,1.0304445321353586,0.10143279585162951
-1.2421157692334162,-0.6261252767662695,0.41540525805603035,0.4043950699038415,0.3085706616606561
0.5674215738396884,0.2576353876521989,0.15284507361492136,-0.7475545358948947,-1.6661361952731573
0.587016195795713,-0.7750096400610531,0.20190070453050096,0.9701021036985049,-0.8925621271564552
0.3088740964450604,-1.0805703753748812,0.9722589586015936,1.1680930388239252,0.6849531067931233
-0.765920938224686,-0.5166519560134796,0.5598093900935724,2.244338345835372,0.23077068747098864
-0.05635665152744845,0.5986832835322438,0.2207740330869795,-0.8001323834450047,-0.09757172468785766
-0.0223098330795028,0.6666407032892839,-1.2641285050851077,0.17281639073393268,0.4411530249435565
-0.9136503836378213,0.33705358671851116,-0.7332757154895664,-1.4827213683834453,1.2514221349421002
1.1409175545373746,0.4958481166797745,-0.09355701133310582,0.3937468128312599,-0.1534358506811954
0.6576913916124206,0.3393701261020799,0.07152729111171797,-0.39048575958124165,0.06628579040484785
-0.19008744785627094,-0.527710383630823,-0.8632745608963142,1.369487304008526,0.15951761055021413
0.0012236085955665162,0.2762630657138913,1.8426922854539474,-0.5517077584712079,1.8236365198516435
0.14131791997992063,0.5522576681036933,1.1587038908881597,-1.202939813486295,-1.5745403935831974
-1.5955082552641944,0.5177154083279896,0.460204916507103,-0.33570191770098584,0.5307180849577394
-0.21032096162740813,0.843244786320752,0.055227138569987295,-1.4068074383565363,-0.07305606973671804
-0.5459407174591705,0.48327105167941975,-0.16193428657152928,0.5347003229728868,0.44261275602648054
-0.7926619283703046,0.21598825587922285,-0.7270661176903045,-1.4706051119559205,-0.48355676735820824
-0.23650545823472116,0.7542918912542509,0.05938604692840433,0.020132223891554193,-0.023244600850817726
1.3680734485408175,-0.0671086734766162,0.19711235575690828,-1.47966882812946,0.5520443810199709
0.4751262128705433,-0.7077633825443852,-0.9485030569650615,-0.22820433464290582,2.3689836061909357
-0.46041209162622787,-0.16938061105937113,0.25549955530583174,1.1700608966208523,0.6251498936223209
0.4224374602962403,-0.6051721474511875,-0.11842502569303341,0.25667336936052443,-0.6278323144216527
